sha256,indicator_type,indicator_value,source,family,first_seen
5abbcb67f085a9559098aa8565beb0e93ed3073862020898e9d5c842f8b61333,url,https://urlhaus-api.abuse.ch/v1/download/5abbcb67f085a9559098aa8565beb0e93ed3073862020898e9d5c842f8b61333/,urlhaus,,2026-09-27 08:07:12
5abbcb67f085a9559098aa8565beb0e93ed3073862020898e9d5c842f8b61333,domain,urlhaus-api.abuse.ch,urlhaus,,2026-09-27 08:07:12
40b497bc232886341613fdcfd84adaf326aba1336bf42b2ad2cab26f8fc00d9d,url,https://urlhaus-api.abuse.ch/v1/download/40b497bc232886341613fdcfd84adaf326aba1336bf42b2ad2cab26f8fc00d9d/,urlhaus,mirai,2026-09-27 09:54:27
40b497bc232886341613fdcfd84adaf326aba1336bf42b2ad2cab26f8fc00d9d,domain,urlhaus-api.abuse.ch,urlhaus,mirai,2026-09-27 09:54:27
97529316e25ba7717b79b8db7e5434fb73ec7723e2790047b80f4f4601124903,url,https://urlhaus-api.abuse.ch/v1/download/97529316e25ba7717b79b8db7e5434fb73ec7723e2790047b80f4f4601124903/,urlhaus,,2026-09-27 11:26:42
97529316e25ba7717b79b8db7e5434fb73ec7723e2790047b80f4f4601124903,domain,urlhaus-api.abuse.ch,urlhaus,,2026-09-27 11:26:42
49904d18ff26a4bce02555b165181dbeb38e7756059c998071937adc5958a99f,url,https://urlhaus-api.abuse.ch/v1/download/49904d18ff26a4bce02555b165181dbeb38e7756059c998071937adc5958a99f/,urlhaus,mirai,2026-09-27 11:21:53
49904d18ff26a4bce02555b165181dbeb38e7756059c998071937adc5958a99f,domain,urlhaus-api.abuse.ch,urlhaus,mirai,2026-09-27 11:21:53
62f554dc8b3f5b70161085ee6e07788b6aa9113ecdef275d5feba5cbdf2e7f50,url,https://urlhaus-api.abuse.ch/v1/download/62f554dc8b3f5b70161085ee6e07788b6aa9113ecdef275d5feba5cbdf2e7f50/,urlhaus,mirai,2026-09-27 11:21:26
62f554dc8b3f5b70161085ee6e07788b6aa9113ecdef275d5feba5cbdf2e7f50,domain,urlhaus-api.abuse.ch,urlhaus,mirai,2026-09-27 11:21:26
043cca5bb0ae620f304ad3bb04c521325f6739d56528e6d3882e53c1aa69f0ed,url,https://urlhaus-api.abuse.ch/v1/download/043cca5bb0ae620f304ad3bb04c521325f6739d56528e6d3882e53c1aa69f0ed/,urlhaus,mirai,2026-09-27 11:19:34
043cca5bb0ae620f304ad3bb04c521325f6739d56528e6d3882e53c1aa69f0ed,domain,urlhaus-api.abuse.ch,urlhaus,mirai,2026-09-27 11:19:34
e8534598375a4f15118b798855e171ca2d5140848ed72f1c00928716fd28dca5,url,https://urlhaus-api.abuse.ch/v1/download/e8534598375a4f15118b798855e171ca2d5140848ed72f1c00928716fd28dca5/,urlhaus,mirai,2026-09-27 11:18:26
e8534598375a4f15118b798855e171ca2d5140848ed72f1c00928716fd28dca5,domain,urlhaus-api.abuse.ch,urlhaus,mirai,2026-09-27 11:18:26
65706e19909e19e6d337e3c04924d058ddeed046594b19a08bbee46b7753d91e,url,https://urlhaus-api.abuse.ch/v1/download/65706e19909e19e6d337e3c04924d058ddeed046594b19a08bbee46b7753d91e/,urlhaus,mirai,2026-09-27 11:18:00
65706e19909e19e6d337e3c04924d058ddeed046594b19a08bbee46b7753d91e,domain,urlhaus-api.abuse.ch,urlhaus,mirai,2026-09-27 11:18:00
b2573b8c7cd3972d0c7451506fb4117f94a1e7c56ad6d391b211b89bf11d0b04,url,https://urlhaus-api.abuse.ch/v1/download/b2573b8c7cd3972d0c7451506fb4117f94a1e7c56ad6d391b211b89bf11d0b04/,urlhaus,mirai,2026-09-27 11:16:30
b2573b8c7cd3972d0c7451506fb4117f94a1e7c56ad6d391b211b89bf11d0b04,domain,urlhaus-api.abuse.ch,urlhaus,mirai,2026-09-27 11:16:30
08ce00147aa88110cc1e1eb9a35e779dc9598cf8e06a1d682ee5be5f3c5d74a9,url,https://urlhaus-api.abuse.ch/v1/download/08ce00147aa88110cc1e1eb9a35e779dc9598cf8e06a1d682ee5be5f3c5d74a9/,urlhaus,mirai,2026-09-27 11:15:59
08ce00147aa88110cc1e1eb9a35e779dc9598cf8e06a1d682ee5be5f3c5d74a9,domain,urlhaus-api.abuse.ch,urlhaus,mirai,2026-09-27 11:15:59
d667423fd69c2c78daedfe5659ef9cb37f2e9a8e623ab1e1307834476eb2a72a,url,https://urlhaus-api.abuse.ch/v1/download/d667423fd69c2c78daedfe5659ef9cb37f2e9a8e623ab1e1307834476eb2a72a/,urlhaus,mirai,2026-09-27 11:13:01
d667423fd69c2c78daedfe5659ef9cb37f2e9a8e623ab1e1307834476eb2a72a,domain,urlhaus-api.abuse.ch,urlhaus,mirai,2026-09-27 11:13:01
3cd9e10ed0118d863c1b66fb0477ed820b7d264809425110fc4145ebacd005d3,url,https://urlhaus-api.abuse.ch/v1/download/3cd9e10ed0118d863c1b66fb0477ed820b7d264809425110fc4145ebacd005d3/,urlhaus,mirai,2026-09-27 11:12:21
3cd9e10ed0118d863c1b66fb0477ed820b7d264809425110fc4145ebacd005d3,domain,urlhaus-api.abuse.ch,urlhaus,mirai,2026-09-27 11:12:21
8cceb9fc4645188faaf4e81a614949aa178b84971975abe97e0df443532afedd,url,https://urlhaus-api.abuse.ch/v1/download/8cceb9fc4645188faaf4e81a614949aa178b84971975abe97e0df443532afedd/,urlhaus,mirai,2026-09-27 11:11:38
8cceb9fc4645188faaf4e81a614949aa178b84971975abe97e0df443532afedd,domain,urlhaus-api.abuse.ch,urlhaus,mirai,2026-09-27 11:11:38
f9a153d5dfaeabcf6a29413053ae9caa5b4ae741888de978bce55d468b284f7a,url,https://urlhaus-api.abuse.ch/v1/download/f9a153d5dfaeabcf6a29413053ae9caa5b4ae741888de978bce55d468b284f7a/,urlhaus,mirai,2026-09-27 11:06:03
f9a153d5dfaeabcf6a29413053ae9caa5b4ae741888de978bce55d468b284f7a,domain,urlhaus-api.abuse.ch,urlhaus,mirai,2026-09-27 11:06:03
e5c2355141d812af177ef71be292ac605f64c5d25438cd1ab89808a6bd8150b2,url,https://urlhaus-api.abuse.ch/v1/download/e5c2355141d812af177ef71be292ac605f64c5d25438cd1ab89808a6bd8150b2/,urlhaus,mirai,2026-09-27 11:05:20
e5c2355141d812af177ef71be292ac605f64c5d25438cd1ab89808a6bd8150b2,domain,urlhaus-api.abuse.ch,urlhaus,mirai,2026-09-27 11:05:20
ee9da10c99be74222004d7d83a57a7c72b78780848f49eab8225655cac283c77,url,https://urlhaus-api.abuse.ch/v1/download/ee9da10c99be74222004d7d83a57a7c72b78780848f49eab8225655cac283c77/,urlhaus,mirai,2026-09-27 11:01:42
ee9da10c99be74222004d7d83a57a7c72b78780848f49eab8225655cac283c77,domain,urlhaus-api.abuse.ch,urlhaus,mirai,2026-09-27 11:01:42
e4284491a89a9a728706fc6b92b93159b4234c75253914da146d4ae3fd486e36,url,https://urlhaus-api.abuse.ch/v1/download/e4284491a89a9a728706fc6b92b93159b4234c75253914da146d4ae3fd486e36/,urlhaus,mirai,2026-09-27 10:55:16
e4284491a89a9a728706fc6b92b93159b4234c75253914da146d4ae3fd486e36,domain,urlhaus-api.abuse.ch,urlhaus,mirai,2026-09-27 10:55:16
b20df0c02ab5980bac98050b59558774cbbbc9e7eccea7b317d4122be29335f2,url,https://urlhaus-api.abuse.ch/v1/download/b20df0c02ab5980bac98050b59558774cbbbc9e7eccea7b317d4122be29335f2/,urlhaus,mirai,2026-09-27 10:53:09
b20df0c02ab5980bac98050b59558774cbbbc9e7eccea7b317d4122be29335f2,domain,urlhaus-api.abuse.ch,urlhaus,mirai,2026-09-27 10:53:09
ed96f7ca9c48d7d652709878cd26ae71760437f782e006fdc1c4b69e7623357e,url,https://urlhaus-api.abuse.ch/v1/download/ed96f7ca9c48d7d652709878cd26ae71760437f782e006fdc1c4b69e7623357e/,urlhaus,mirai,2026-09-27 10:52:41
ed96f7ca9c48d7d652709878cd26ae71760437f782e006fdc1c4b69e7623357e,domain,urlhaus-api.abuse.ch,urlhaus,mirai,2026-09-27 10:52:41
bc48bb15b5d33e0aca22fdb5d0d6b20086e78b596e80d4363507a7cc3278ba1e,url,https://urlhaus-api.abuse.ch/v1/download/bc48bb15b5d33e0aca22fdb5d0d6b20086e78b596e80d4363507a7cc3278ba1e/,urlhaus,mirai,2026-09-27 10:52:21
bc48bb15b5d33e0aca22fdb5d0d6b20086e78b596e80d4363507a7cc3278ba1e,domain,urlhaus-api.abuse.ch,urlhaus,mirai,2026-09-27 10:52:21
14ed23adccb903f48a9529234de864e76404211f6d9b4661e10042c8233d3aba,url,https://urlhaus-api.abuse.ch/v1/download/14ed23adccb903f48a9529234de864e76404211f6d9b4661e10042c8233d3aba/,urlhaus,mirai,2026-09-27 10:51:53
14ed23adccb903f48a9529234de864e76404211f6d9b4661e10042c8233d3aba,domain,urlhaus-api.abuse.ch,urlhaus,mirai,2026-09-27 10:51:53
d85ff8281f32fa38dcfb8321712fce12c875b83c372f88da1b3b382619cd1861,url,https://urlhaus-api.abuse.ch/v1/download/d85ff8281f32fa38dcfb8321712fce12c875b83c372f88da1b3b382619cd1861/,urlhaus,mirai,2026-09-27 10:49:31
d85ff8281f32fa38dcfb8321712fce12c875b83c372f88da1b3b382619cd1861,domain,urlhaus-api.abuse.ch,urlhaus,mirai,2026-09-27 10:49:31
bb0b8149a9d9a831b1bf10cd95041c9a03a62784d225e0658679d656519a12f7,url,https://urlhaus-api.abuse.ch/v1/download/bb0b8149a9d9a831b1bf10cd95041c9a03a62784d225e0658679d656519a12f7/,urlhaus,mirai,2026-09-27 10:47:22
bb0b8149a9d9a831b1bf10cd95041c9a03a62784d225e0658679d656519a12f7,domain,urlhaus-api.abuse.ch,urlhaus,mirai,2026-09-27 10:47:22
244e40d8b963c6fcb7374f682c6d361b70777431554fd07d7531066936a21c94,url,https://urlhaus-api.abuse.ch/v1/download/244e40d8b963c6fcb7374f682c6d361b70777431554fd07d7531066936a21c94/,urlhaus,mirai,2026-09-27 10:47:02
244e40d8b963c6fcb7374f682c6d361b70777431554fd07d7531066936a21c94,domain,urlhaus-api.abuse.ch,urlhaus,mirai,2026-09-27 10:47:02
b2ddfc85e5875b71771d3a4210cdea841d119dae1286cf937305165e08706f9f,url,https://urlhaus-api.abuse.ch/v1/download/b2ddfc85e5875b71771d3a4210cdea841d119dae1286cf937305165e08706f9f/,urlhaus,mirai,2026-09-27 10:46:49
b2ddfc85e5875b71771d3a4210cdea841d119dae1286cf937305165e08706f9f,domain,urlhaus-api.abuse.ch,urlhaus,mirai,2026-09-27 10:46:49
08116cbdb96481feaa57fc7e28943ad30ad1304e5863109957ad812c7d4a53dc,url,https://urlhaus-api.abuse.ch/v1/download/08116cbdb96481feaa57fc7e28943ad30ad1304e5863109957ad812c7d4a53dc/,urlhaus,mirai,2026-09-27 10:43:33
08116cbdb96481feaa57fc7e28943ad30ad1304e5863109957ad812c7d4a53dc,domain,urlhaus-api.abuse.ch,urlhaus,mirai,2026-09-27 10:43:33
dcee0f951e6987da5b1e4975f955054165ddd952aba1f0a884bee38f25c9db38,url,https://urlhaus-api.abuse.ch/v1/download/dcee0f951e6987da5b1e4975f955054165ddd952aba1f0a884bee38f25c9db38/,urlhaus,mirai,2026-09-27 10:41:41
dcee0f951e6987da5b1e4975f955054165ddd952aba1f0a884bee38f25c9db38,domain,urlhaus-api.abuse.ch,urlhaus,mirai,2026-09-27 10:41:41
ddaa47831ad28681f5c7b8dae6edc0280f98ab87bc9f83637d223a038dc60b0e,url,https://urlhaus-api.abuse.ch/v1/download/ddaa47831ad28681f5c7b8dae6edc0280f98ab87bc9f83637d223a038dc60b0e/,urlhaus,mirai,2026-09-27 10:41:04
ddaa47831ad28681f5c7b8dae6edc0280f98ab87bc9f83637d223a038dc60b0e,domain,urlhaus-api.abuse.ch,urlhaus,mirai,2026-09-27 10:41:04
e481d2ce2eb5bc705846815e82c0b3bc7b50323561b2727add16fd559ca1c61a,url,https://urlhaus-api.abuse.ch/v1/download/e481d2ce2eb5bc705846815e82c0b3bc7b50323561b2727add16fd559ca1c61a/,urlhaus,mirai,2026-09-27 10:38:43
e481d2ce2eb5bc705846815e82c0b3bc7b50323561b2727add16fd559ca1c61a,domain,urlhaus-api.abuse.ch,urlhaus,mirai,2026-09-27 10:38:43
2f4b721664e721d6d695e98623fd13e4efbca34442ea6ff1f07716a23131b947,url,https://urlhaus-api.abuse.ch/v1/download/2f4b721664e721d6d695e98623fd13e4efbca34442ea6ff1f07716a23131b947/,urlhaus,mirai,2026-09-27 10:34:44
2f4b721664e721d6d695e98623fd13e4efbca34442ea6ff1f07716a23131b947,domain,urlhaus-api.abuse.ch,urlhaus,mirai,2026-09-27 10:34:44
0a743d2625dd126101554b3ea399cf103b60c6371c20b3e325768678fe174c4b,url,https://urlhaus-api.abuse.ch/v1/download/0a743d2625dd126101554b3ea399cf103b60c6371c20b3e325768678fe174c4b/,urlhaus,mirai,2026-09-27 10:34:20
0a743d2625dd126101554b3ea399cf103b60c6371c20b3e325768678fe174c4b,domain,urlhaus-api.abuse.ch,urlhaus,mirai,2026-09-27 10:34:20
1b70e4ebf55a652066fc5b5fcd5b0fd9022e17aaa8ab4e80c62d0affb55aa397,url,https://urlhaus-api.abuse.ch/v1/download/1b70e4ebf55a652066fc5b5fcd5b0fd9022e17aaa8ab4e80c62d0affb55aa397/,urlhaus,mirai,2026-09-27 10:34:13
1b70e4ebf55a652066fc5b5fcd5b0fd9022e17aaa8ab4e80c62d0affb55aa397,domain,urlhaus-api.abuse.ch,urlhaus,mirai,2026-09-27 10:34:13
13ec73943bd3217e3ef82457b711ad39deb501494cb0db12251776cd89b0b9ab,url,https://urlhaus-api.abuse.ch/v1/download/13ec73943bd3217e3ef82457b711ad39deb501494cb0db12251776cd89b0b9ab/,urlhaus,mirai,2026-09-27 10:25:54
13ec73943bd3217e3ef82457b711ad39deb501494cb0db12251776cd89b0b9ab,domain,urlhaus-api.abuse.ch,urlhaus,mirai,2026-09-27 10:25:54
a5318426cb8ce6aa773b5b92ff8eb9c6c7bd7f1844091aa521552e1808efd18a,url,https://urlhaus-api.abuse.ch/v1/download/a5318426cb8ce6aa773b5b92ff8eb9c6c7bd7f1844091aa521552e1808efd18a/,urlhaus,mirai,2026-09-27 10:24:29
a5318426cb8ce6aa773b5b92ff8eb9c6c7bd7f1844091aa521552e1808efd18a,domain,urlhaus-api.abuse.ch,urlhaus,mirai,2026-09-27 10:24:29
e35c75c93650d47d4cfafb5f45e78fde191204019dd0c1753ed46d4a4e07f35a,url,https://urlhaus-api.abuse.ch/v1/download/e35c75c93650d47d4cfafb5f45e78fde191204019dd0c1753ed46d4a4e07f35a/,urlhaus,mirai,2026-09-27 10:24:12
e35c75c93650d47d4cfafb5f45e78fde191204019dd0c1753ed46d4a4e07f35a,domain,urlhaus-api.abuse.ch,urlhaus,mirai,2026-09-27 10:24:12
7ccff2678d5639c4c7ac7f388a1d03caf76683cf071616b5ce5bd3a6fb9c6e12,url,https://urlhaus-api.abuse.ch/v1/download/7ccff2678d5639c4c7ac7f388a1d03caf76683cf071616b5ce5bd3a6fb9c6e12/,urlhaus,mirai,2026-09-27 10:12:53
7ccff2678d5639c4c7ac7f388a1d03caf76683cf071616b5ce5bd3a6fb9c6e12,domain,urlhaus-api.abuse.ch,urlhaus,mirai,2026-09-27 10:12:53
fea5f33235090745fe8686b0534b59f1d02716ec7fe3e2d5ad7a6a357c2a04f7,url,https://urlhaus-api.abuse.ch/v1/download/fea5f33235090745fe8686b0534b59f1d02716ec7fe3e2d5ad7a6a357c2a04f7/,urlhaus,mirai,2026-09-27 10:11:50
fea5f33235090745fe8686b0534b59f1d02716ec7fe3e2d5ad7a6a357c2a04f7,domain,urlhaus-api.abuse.ch,urlhaus,mirai,2026-09-27 10:11:50
65b3b2f62feaf837426fb7fe77e9b796cad768c3c5eee0506fa52a13be347d40,url,https://urlhaus-api.abuse.ch/v1/download/65b3b2f62feaf837426fb7fe77e9b796cad768c3c5eee0506fa52a13be347d40/,urlhaus,mirai,2026-09-27 10:04:34
65b3b2f62feaf837426fb7fe77e9b796cad768c3c5eee0506fa52a13be347d40,domain,urlhaus-api.abuse.ch,urlhaus,mirai,2026-09-27 10:04:34
ed4796b3a4b141257797ac8e7843e48aed35e3b82c644d6e458ea2263c3373ba,url,https://urlhaus-api.abuse.ch/v1/download/ed4796b3a4b141257797ac8e7843e48aed35e3b82c644d6e458ea2263c3373ba/,urlhaus,mirai,2026-09-27 10:03:22
ed4796b3a4b141257797ac8e7843e48aed35e3b82c644d6e458ea2263c3373ba,domain,urlhaus-api.abuse.ch,urlhaus,mirai,2026-09-27 10:03:22
c8af6f1da0a8fd5675f71035bc5d79bb9c0ada2ba28225ecccc2574cef06f3ac,url,https://urlhaus-api.abuse.ch/v1/download/c8af6f1da0a8fd5675f71035bc5d79bb9c0ada2ba28225ecccc2574cef06f3ac/,urlhaus,mirai,2026-09-27 10:00:11
c8af6f1da0a8fd5675f71035bc5d79bb9c0ada2ba28225ecccc2574cef06f3ac,domain,urlhaus-api.abuse.ch,urlhaus,mirai,2026-09-27 10:00:11
cf138a04b19b4a1c925a9be75e1ce5429e4864efebd729b1ffd05103510254de,url,https://urlhaus-api.abuse.ch/v1/download/cf138a04b19b4a1c925a9be75e1ce5429e4864efebd729b1ffd05103510254de/,urlhaus,mirai,2026-09-27 09:55:36
cf138a04b19b4a1c925a9be75e1ce5429e4864efebd729b1ffd05103510254de,domain,urlhaus-api.abuse.ch,urlhaus,mirai,2026-09-27 09:55:36
c26ba97c9f749e747c81c36d07dd39cabc478926766d16fbfba4843ed8a078ca,url,https://urlhaus-api.abuse.ch/v1/download/c26ba97c9f749e747c81c36d07dd39cabc478926766d16fbfba4843ed8a078ca/,urlhaus,connectwise,2026-09-27 10:01:52
c26ba97c9f749e747c81c36d07dd39cabc478926766d16fbfba4843ed8a078ca,domain,urlhaus-api.abuse.ch,urlhaus,connectwise,2026-09-27 10:01:52
eaac5e455462430a2cf1e4ee3d4b1a6c8f5fbf8b96bd1b09674307f7843044bd,url,https://urlhaus-api.abuse.ch/v1/download/eaac5e455462430a2cf1e4ee3d4b1a6c8f5fbf8b96bd1b09674307f7843044bd/,urlhaus,mirai,2026-09-27 09:51:50
eaac5e455462430a2cf1e4ee3d4b1a6c8f5fbf8b96bd1b09674307f7843044bd,domain,urlhaus-api.abuse.ch,urlhaus,mirai,2026-09-27 09:51:50
3691d3e45d288500e19250166ff256edcc273e2531ebee392312fc3a6ed52e8d,url,https://urlhaus-api.abuse.ch/v1/download/3691d3e45d288500e19250166ff256edcc273e2531ebee392312fc3a6ed52e8d/,urlhaus,mirai,2026-09-27 09:55:27
3691d3e45d288500e19250166ff256edcc273e2531ebee392312fc3a6ed52e8d,domain,urlhaus-api.abuse.ch,urlhaus,mirai,2026-09-27 09:55:27
090c8086b53871ee6d129ac39d9ad0f8a61a5d7b6bd24f471499271dc9376d2a,url,https://urlhaus-api.abuse.ch/v1/download/090c8086b53871ee6d129ac39d9ad0f8a61a5d7b6bd24f471499271dc9376d2a/,urlhaus,mirai,2026-09-27 09:54:28
090c8086b53871ee6d129ac39d9ad0f8a61a5d7b6bd24f471499271dc9376d2a,domain,urlhaus-api.abuse.ch,urlhaus,mirai,2026-09-27 09:54:28
bbaeb4ec9ee27a44960250a9f4ac426dba163aa4e81d9fa6ad04d5bbb05fcc5a,url,https://urlhaus-api.abuse.ch/v1/download/bbaeb4ec9ee27a44960250a9f4ac426dba163aa4e81d9fa6ad04d5bbb05fcc5a/,urlhaus,mirai,2026-09-27 09:48:11
bbaeb4ec9ee27a44960250a9f4ac426dba163aa4e81d9fa6ad04d5bbb05fcc5a,domain,urlhaus-api.abuse.ch,urlhaus,mirai,2026-09-27 09:48:11
cf90ae825c60922bdc37fbe0bd8bf0942131bb64d4d485a552fe0fba57789fdd,url,https://urlhaus-api.abuse.ch/v1/download/cf90ae825c60922bdc37fbe0bd8bf0942131bb64d4d485a552fe0fba57789fdd/,urlhaus,mirai,2026-09-27 09:45:48
cf90ae825c60922bdc37fbe0bd8bf0942131bb64d4d485a552fe0fba57789fdd,domain,urlhaus-api.abuse.ch,urlhaus,mirai,2026-09-27 09:45:48
263230144d32dd14a5a85ecf4a7e6bbdcc4e61979433dfd1271fba6ccd2b21a0,url,https://urlhaus-api.abuse.ch/v1/download/263230144d32dd14a5a85ecf4a7e6bbdcc4e61979433dfd1271fba6ccd2b21a0/,urlhaus,mirai,2026-09-27 09:45:27
263230144d32dd14a5a85ecf4a7e6bbdcc4e61979433dfd1271fba6ccd2b21a0,domain,urlhaus-api.abuse.ch,urlhaus,mirai,2026-09-27 09:45:27
900e540df178d0c79c1b6d6f29480233b938b51150ed7a496bc4fc431b72b93f,url,https://urlhaus-api.abuse.ch/v1/download/900e540df178d0c79c1b6d6f29480233b938b51150ed7a496bc4fc431b72b93f/,urlhaus,mirai,2026-09-27 09:50:30
900e540df178d0c79c1b6d6f29480233b938b51150ed7a496bc4fc431b72b93f,domain,urlhaus-api.abuse.ch,urlhaus,mirai,2026-09-27 09:50:30
21a58deb2557cb9cf07a673820239b0577be33f0bd0f2ddb7e61a0f16003e8dc,url,https://urlhaus-api.abuse.ch/v1/download/21a58deb2557cb9cf07a673820239b0577be33f0bd0f2ddb7e61a0f16003e8dc/,urlhaus,,2026-09-27 09:50:30
21a58deb2557cb9cf07a673820239b0577be33f0bd0f2ddb7e61a0f16003e8dc,domain,urlhaus-api.abuse.ch,urlhaus,,2026-09-27 09:50:30
15d417376cccadc1fedbfce92c579c5dded13a25f0a521d9ba9c1b19f3725cb5,url,https://urlhaus-api.abuse.ch/v1/download/15d417376cccadc1fedbfce92c579c5dded13a25f0a521d9ba9c1b19f3725cb5/,urlhaus,mirai,2026-09-27 09:43:51
15d417376cccadc1fedbfce92c579c5dded13a25f0a521d9ba9c1b19f3725cb5,domain,urlhaus-api.abuse.ch,urlhaus,mirai,2026-09-27 09:43:51
fb196991320fdab1c0e28872b2a6ca7a9804b48473369026ad60f17cc89722bb,url,https://urlhaus-api.abuse.ch/v1/download/fb196991320fdab1c0e28872b2a6ca7a9804b48473369026ad60f17cc89722bb/,urlhaus,mirai,2026-09-27 09:43:46
fb196991320fdab1c0e28872b2a6ca7a9804b48473369026ad60f17cc89722bb,domain,urlhaus-api.abuse.ch,urlhaus,mirai,2026-09-27 09:43:46
ea0ce3d3f57272815c93f24ece67ad05fd7a58555335293802f9275ed67ad424,url,https://urlhaus-api.abuse.ch/v1/download/ea0ce3d3f57272815c93f24ece67ad05fd7a58555335293802f9275ed67ad424/,urlhaus,mirai,2026-09-27 09:43:27
ea0ce3d3f57272815c93f24ece67ad05fd7a58555335293802f9275ed67ad424,domain,urlhaus-api.abuse.ch,urlhaus,mirai,2026-09-27 09:43:27
e7677f780e2165ff76d147008845aff88b07571d212c520d707692b18ff72933,url,https://urlhaus-api.abuse.ch/v1/download/e7677f780e2165ff76d147008845aff88b07571d212c520d707692b18ff72933/,urlhaus,mirai,2026-09-27 09:29:48
e7677f780e2165ff76d147008845aff88b07571d212c520d707692b18ff72933,domain,urlhaus-api.abuse.ch,urlhaus,mirai,2026-09-27 09:29:48
c6fb65fd20c6350b8a1161a04cbc0ef4c16fde2ed9cf07d91d9c10b12ac39fa0,url,https://urlhaus-api.abuse.ch/v1/download/c6fb65fd20c6350b8a1161a04cbc0ef4c16fde2ed9cf07d91d9c10b12ac39fa0/,urlhaus,mirai,2026-09-27 09:35:28
c6fb65fd20c6350b8a1161a04cbc0ef4c16fde2ed9cf07d91d9c10b12ac39fa0,domain,urlhaus-api.abuse.ch,urlhaus,mirai,2026-09-27 09:35:28
8e398ea533d1bb42aeffbe4a7f6bd414cac6320bff48ed80ab0ac0ce204a7d94,url,https://urlhaus-api.abuse.ch/v1/download/8e398ea533d1bb42aeffbe4a7f6bd414cac6320bff48ed80ab0ac0ce204a7d94/,urlhaus,mirai,2026-09-27 09:35:30
8e398ea533d1bb42aeffbe4a7f6bd414cac6320bff48ed80ab0ac0ce204a7d94,domain,urlhaus-api.abuse.ch,urlhaus,mirai,2026-09-27 09:35:30
9b4ecd66ff86da2b6d10ce18f40a81e7443102fa24ebc7d49fecf49b92415061,url,https://urlhaus-api.abuse.ch/v1/download/9b4ecd66ff86da2b6d10ce18f40a81e7443102fa24ebc7d49fecf49b92415061/,urlhaus,mirai,2026-09-27 09:35:28
9b4ecd66ff86da2b6d10ce18f40a81e7443102fa24ebc7d49fecf49b92415061,domain,urlhaus-api.abuse.ch,urlhaus,mirai,2026-09-27 09:35:28
667747509c28c64a350e63cb65fd05e4196a8e77a4a76f72875f4716acdafd86,url,https://urlhaus-api.abuse.ch/v1/download/667747509c28c64a350e63cb65fd05e4196a8e77a4a76f72875f4716acdafd86/,urlhaus,,2026-09-27 09:34:26
667747509c28c64a350e63cb65fd05e4196a8e77a4a76f72875f4716acdafd86,domain,urlhaus-api.abuse.ch,urlhaus,,2026-09-27 09:34:26
110d3fc2af37e3ffe6f9479cad42d62040710c894ebe3d5954e33732673f41e5,url,https://urlhaus-api.abuse.ch/v1/download/110d3fc2af37e3ffe6f9479cad42d62040710c894ebe3d5954e33732673f41e5/,urlhaus,,2026-09-27 09:34:16
110d3fc2af37e3ffe6f9479cad42d62040710c894ebe3d5954e33732673f41e5,domain,urlhaus-api.abuse.ch,urlhaus,,2026-09-27 09:34:16
81b99f652f2b2529db6344e83836c30cf81d7ecd75d0e3f217137abfe61af0f0,url,https://urlhaus-api.abuse.ch/v1/download/81b99f652f2b2529db6344e83836c30cf81d7ecd75d0e3f217137abfe61af0f0/,urlhaus,,2026-09-27 09:32:17
81b99f652f2b2529db6344e83836c30cf81d7ecd75d0e3f217137abfe61af0f0,domain,urlhaus-api.abuse.ch,urlhaus,,2026-09-27 09:32:17
3d0507cc71d9ef149b57e0e37e1bd3ffdad9e6fe5bab3f92cb0188006ba54078,url,https://urlhaus-api.abuse.ch/v1/download/3d0507cc71d9ef149b57e0e37e1bd3ffdad9e6fe5bab3f92cb0188006ba54078/,urlhaus,mirai,2026-09-27 09:27:04
3d0507cc71d9ef149b57e0e37e1bd3ffdad9e6fe5bab3f92cb0188006ba54078,domain,urlhaus-api.abuse.ch,urlhaus,mirai,2026-09-27 09:27:04
272fa949cf2356728372729a9299654f9f10aed31bb5c3705da17360249f5629,url,https://urlhaus-api.abuse.ch/v1/download/272fa949cf2356728372729a9299654f9f10aed31bb5c3705da17360249f5629/,urlhaus,,2026-09-27 07:09:32
272fa949cf2356728372729a9299654f9f10aed31bb5c3705da17360249f5629,domain,urlhaus-api.abuse.ch,urlhaus,,2026-09-27 07:09:32
