sha256,verdict,vx_family,av_detect_pct,contacted_domains,contacted_ips,analysis_date
8ed22159640a6a5ffe2a3e0a80674da75c02d0dc1e1b076334c129aa915646e0,40,,,,,
269a327df65d4dce2b853698d3869ca47debeeb76c144144e2a219c7ccfe60d5,40,,,,,
e5214851e0958bf4c0b2e99d51878bcbd1ef0d09ff33668ffa6a2b878697ba5a,60,,,,,
77ba7bc2168318ef5e328834a5c4be6fc6127182928bd8807b2218f3e9c20982,60,,,,,
fe4269e79f3fc16511c0ea5b87acb2013c1ebd3e196b161b55cc8f213e02e421,50,,,,,
9639b59c24303f11db5e4fcdc044d64302441a7210591b28b68b14b3756ebcb9,40,,,,,
e61bd274b38aa6eb453abbe8801e8982a5e66014914e022265e012e2010bd540,60,,,,,
eea6d0ae68baf6b280027a3f9952d0a11524dc2fed100e35ec53f2b9f6b6d7bd,60,,,,,
cf4d5eb97822dc42712bfb0afc75cae51b6d67d8e41b24c1bfa1dc5625e0e1a3,40,,,,,
4c4905060479d0281f928f0d9cb71cc90143c993e171276c14c03eff54138c5b,60,,,,,
201d40e5f9cfdf01f7d9523b218a380a0b2cdd72937c39597b6f2364e3073ee4,40,,,,,
f30ee9e952c76c4d7f46adb90d11a1cbaa23ee87fb9f6ca2ce18d914355fde85,50,,,,,
a86e609e52e003982e52e702445a4230a6d34457feaff70c8ee601aff90578b9,40,,,,,
51b22ce04801a864416f0a3b1b894679eb71f294b2c77eb31559212e99366526,40,,,,,
a3dac1d0538a5fb6c0134c094c5dd69b7a7ed86a66789b19a8d8425f633a458d,50,,,,,
06c72bb65fd5227b31d193225dba72adaeb08cb012a79029483e6022456b3cd8,40,,,,,
6cb5dd3f2d04bd3bfedfe1706cc426db7ea696a26408d00a40e4476b72611756,40,,,,,
64bff74c0daeaaedc7042075ccc9e6d0d92dd04903af212720749813dc3bd2ae,40,,,,,
e9ab5380c674d40a4d16d35bd7107ba030ed1d24a846d48b90f3dfdff8ff058b,40,,,,,
c30fc2b82c475e7cdaf232a8f63dcd7832acaebe8a3216c51d621c76718c2bc3,60,,,,,
1c16f00d8741f57b67f7e05f3b2912e150b2d982d0e3243a1c2e9c30b2837d71,60,,,,,
a0a1de639d11b2c27b86bd2742a1dac7582517c2f6ad7404f1ef9ab2c5d6eb7a,40,,,,,
f1f467863330a80022d5bda358e1390f009bffcda6e787ec45cd7518ef9f03ef,50,,,,,
b6496213857557cfc5f9fd56d82d15e475f372b854c910a8e82a47869a9e060a,40,,,,,
52a95e985bf76c75f83a38c0de6a1161452a529a1b6755f0baf78008ec8db933,40,,,,,
8905afbfd5f8ad7244f28841faa062b8eba2b8cff501b8f4548be95b80d3c4f0,60,,,,,
70448e89339683d7b8da634acfb0ece191a8d621a75a0ff74d79f4b98aa64193,60,,,,,
80239fbbe05cec4bcee25951b109abfefbc7b74693f012ade671ccaf7cd8af69,60,,,,,
a63c384dee2b04e641148d903795442836c715078815a4de40af601475336539,60,,,,,
63e0776d726084964c69ae2e43f4d9f292ab4dddf2cfbc5feb09ee109c7a79fb,40,,,,,
874eb040e6351bc18ab19e28708718d689375fb547f8ed158f7dca40131912d9,40,,,,,
f7d5a47ec5f59f76c03a6535f8f97357d916ce66ad358ed153f4eadf05a2a731,40,,,,,
2815a9caa668c9d7f9953f3dffce860f6cf6b0d8d0ff8c99d9ace1dfc5a76d94,40,,,,,
69e0576168a735794539758eaf39ab300a868b0d57480c2f0adcfa7b4f6d3df0,60,,,,,
b86bbf585f2ab3587fc8c084c2c1777f844c04d552db11f2d6320124078384f3,50,,,,,
e5c5f9422207971f97d00dd8087a5bc838924c2cad1ac87e8654bd1f362167c0,60,,,,,
34c8c7432b89127e1bd8efef6576502a28bf660d5202dc196aede6d9637021e4,60,,,,,
687d7da005d89fb69fda3063adf16c5a8e23991a4cff340decf58f721d3a283a,40,,,,,
933c94f86ab3429bb2e83b6f5847b1e4fa532128088123cd67910f27a1eaa30f,40,,,,,
d0291e6547fc729cdf629b6e6e73a37f8d12803d98fac1cc3596eb7ab6ac740d,40,,,,,
9f43c6f4b84d037c6f70b964d3519d283d05ad97fdd31e590d7125583323e54b,40,,,,,
589ad367f753e9abadcdb55c6885e533869a65b0239d2cf8161dee1f9308410a,40,,,,,
4ac724b7200bb43fac453cc66e10bb01d34e6359659d35df950c615369b3a735,60,,,,,
1a483546d0f6263e85914c0359253c74a7697f4cf8afb28bd553693c245f4c20,40,,,,,
9e35d1a5e86cea2a3945bf6ee92c8f33fe3f13a697daeeaafe6b629406130627,40,,,,,
1bad1674077d1fdc524aa5f28850ff71d2cb55bf66a0f976506579b510af5f16,60,,,,,
9d89dc2f4ecb76f491dc64878fc377608f0fd08fb53945c4db34f4b442e1d873,40,,,,,
4e8ac85fd4e8cfb7c2fdd7d7b7e2e8f85e07d8ea81c3c468ec6f8448055be198,40,,,,,
2e72b6db7cd08f6f80a3a456a911e85da3bcf58b1a4718ec67de937ab8790db0,60,,,,,
dce315977349efa8d9943a9abfe3717ae90bb4ec1eeaa69a14c1981130062588,40,,,,,
14cb546d37017754b2a163e18c6b86a29155a87c1993b10ca5306ea4af30e219,40,,,,,
483f8fe42e204157e9c2d009adb6a445f2894803ae66b9a43f5ef3c151dae7cf,60,,,,,
ebc499b38652392ffdb9cd1c0ca2e5c395c80bca31f031295cb9864080594c4b,40,,,,,
0499ed333eccf9d31d9dec9003d078eac96395ed132003df5ccf8c97454bf42d,50,,,,,
894194d36047c4d10f081be1721cda828a9836522dcf9b9a569eaa34d5b4d236,40,,,,,
f5291717bdb9a5b1a011659b14aa48b473d94ac199e8b66c2999eeafac28d63b,40,,,,,
2c6656dcb62f48ed9aa3b3229a4a3c2d74aafa712c6835b6b9462fc432d483e6,50,,,,,
d25883826878bd8c562da4c69efac1cd73694f97bc421dd30ca340b01a164ff4,40,,,,,
c74a67ced43227461498f288e43d8f185eb29047b5dab2c1744daeef6cf8148e,40,,,,,
3cd626c3b7793b024dea762d55af9e303882be773397105e943e44e21ef3eada,40,,,,,
844928e8fee2cd732bdbbe9de6d84d41416329fbc30f7344c408cd53f52bee81,50,,,,,
fb8a92e9913a0a98e31bb1720d19d20a400b620184eceddf2f23cc263c69693d,40,,,,,
6cd3ec1d99b48902888805db4f509367cf53d2c42193d066eb725c2f9e23d2bc,50,,,,,
a2186538123b217103e747a0363d7d928deac3dbcd8bb44f3ba0c70e45ee8bef,60,,,,,
68c344d6e0147e6f31564789b1eb0887e5cc2bd5cf5046cc543140b245e7901e,40,,,,,
2e72471ebb0ed9c0254b0e28de51b4a897a4bfbf587ced1370d57cd7dfc2765e,40,,,,,
f3e6cd33311739c73c94d434200f12f969f63b9a5ae8ed7685924676719e19ac,50,,,,,
2c7437a6723e3d853e20b01d20785d4efa12e728db1f004e65aabf0d0a2db5b7,60,,,,,
86b4a45a1f0ce01c16d32cd2c69bde36661ba7c7e8779bfb8228795b686539bc,40,,,,,
96d477e3baff5ca46f2ff128bec1a8401280279d2f2a5b5c374b2c7dad44ef68,60,,,,,
124a33231a567cc629db5ba30cd045eee80523a4dc99a5efcc0554bb56e3ebea,40,,,,,
bb939724154bc5f171b6a6c45e87b6789f535ae9535e74ffd45110b41782d82e,40,,,,,
2f683e816920b029a129c16b0e82ad85492f9a1d2cd063f017347a7dfc33e4d5,40,,,,,
d8b1014abdc8e4d933993b8a66dc7e39aef5f2a658d25965f89d0b5eb5fbd2c3,40,,,,,
961ab0b9948568aa3e0899e938d3065d14beb89266b71ca5eaa211994a84f5b9,40,,,,,
2b125840b1f69be0cd1652e051dca93eb9ee54a3c86494054fd061bca877492f,60,,,,,
cee4e51fd758ecff794ed2242cae58086df7fa9ff12eb7db206ad2ea6554450b,60,,,,,
a9198fcb2773bcf69824cc04771ce264a7b14854b2b7fafaa62f9ffa4aed5356,60,,,,,
de209012e95d07ce8002942f61c3bb66a5baf7e3603b362d9240744f3b7a812c,40,,,,,
7dfdd0ea31012530be68d73183a569ad726e5f65ee17b851ea72dd3a6a636f9e,60,,,,,
b84a4220f66f0c80f07ce598b08eee6dcbbffb09a6441fb9d1e3e076c74aaf79,50,,,,,
f1c6bdece77a9d79df4fbeac42d1b649bfef8ce27a493e90b6e9e5cb7eaf45ec,50,,,,,
fca850351f913dbba4558060486aec6e8ae1f76fb81c159664cbdcf02a5b5595,60,,,,,
5896489ee26e53fa38d99e443ba4b88c6ea9a22b59832b5f29bd83b500f4354c,50,,,,,
70854b57e7695d85ef0c490cc0b626be45d447caa4b89dd11119c7d3435bb218,60,,,,,
953302cf55b641aa69c9b5b0b2209332aad4b7af180fc69d28cf20e6620836a3,50,,,,,
74af3be4279aca9abb7d0db24698cb7b7860460cb7767294f02d668052fe7854,60,,,,,
dbaf251bbdb1249e7223c87d0a6f88feb91e28930b52bfe2c353e961720820a0,40,,,,,
b042a5b7fb2aaa4bca1c825edeee7ea392fad5583b01014a89b14475584e8049,50,,,,,
33853692d06cac454fd4f09eecca3443f291b9f641e6c1f1fa364207ec615e2e,60,,,,,
cd92f3dbb367176a352cc4d03976a8a22cc54660fe6c9b1f8a73a690bf805879,40,,,,,
7ea92eb43dc1d519562e3f22ed0aa80f490f3c0d87a3faaa348643fb63a47507,60,,,,,
a4a5c38e95e4cd0898e4748bc8bc3f0ac40fa6486b35fe07c5cc1f3dbdfcc688,50,,,,,
fad5a3c1dd77abab8ef43eec04f2125d64063655db653a616e9585b0f778cdbe,60,,,,,
fe919607e0b2194a628c60d75bf71cb1c1cba841b4a653d83a5e6636e0ffb445,40,,,,,
f2fbb8ed3dfea9c844f06b1512d2f93bf5c517cac12dad5d77e8a348c07f593c,40,,,,,
c868dc5c0fbdd30230c0ea1ff59b4315509da31aba08beaeb9e29b735ceecf4d,40,,,,,
53fe6fe29cec3747d21fda87eea9ac147a854452217f4e96d036655b1cfadb67,40,,,,,
7b4dd9dfddf94d1d38b12d95fe1f1cf6aa21414bedf3e1f3c68ec34215a7ee30,30,,,,,
3950594dc7a664a41c319f68e5b849ba8d4cb9bde0f07d8e8a86e4fd88966ec7,60,,,,,
68bc66a86777d6f091683d42cf590aad39886dc5038df356940eaa3f89a47eb4,40,,,,,
e62fc3f13821bb4dbfbf652fd4c435762b6fdf0b61e9b1007c26fa58d887d5f4,40,,,,,
5f2d38769b9ffed7bc6c5072376c638cc17450464db74502b7d4d5a7b3b09a54,50,,,,,
e28d6562d7efd20109dcd90e4d440d1aeece72cdec88eef694b1d7a88fe630b6,40,,,,,
c5d5b8629a889170906cb08d4a74ccd8dea2abdd776b8d980dd053d188140789,40,,,,,
e68290ddf3823d83f15b255e8bcac6284f6fe7d9273960f23248b2b6a429feec,60,,,,,
2ca2fcf2e261278e7c6e3bd7b263ca188521043f60b2cb498d7a671c8389e9a3,60,,,,,
9cc8cc4ce511e21b5a0f45ce29fb6aadaca12ffd71e181a3054614f3d686eff3,40,,,,,
0498d9ca33816f9be2c21773790ec13fe339df085a304f89f3515af31a2d0d7d,40,,,,,
86c5cceb23b679a87e9608e975915a238135f2b2c9018cb39391c238b2805fcd,40,,,,,
78dd3ff7289ab86291801858d0ab0f24b8ba72736dce61b38ff2a6217a22a554,60,,,,,
ba119cc6e14fcfacfedf9156fbd22342859f428fb8e55d27d7118b89385b3033,60,,,,,
8cbe27491c996dfe69800ada65ee9d6be78c44486da0bfefda43f91d4b1ba0db,40,,,,,
36d77bef010536d5f7538cbfe9ace5f5c00c56ebdfd0658aa6dffb3b5fefc322,60,,,,,
4b6243e15326aa1a22691f31299f423e382333e94829abb089af5948952b8c23,40,,,,,
0c1912cfaa0ea69c129b8979397476cf2fa9fa488f92adf82afb0a8cbecae80f,60,,,,,
e7ef982bda42795197c2e4b629a48129eeebea6fa10c8d57b250f7becaee0d58,40,,,,,
f3f2c8ea3eac40d2907222edbacbe04f3481f758d3e3dd69431cc7c9bb60a71f,40,,,,,
a00c3b9cb5059c62527c6b4d12d4142347b209d237c1983b57bdd8d99db54030,60,,,,,
4dbc0a2e2fde23adca9719d1019adbb5b12304d464981192f8a49403fea19bb3,50,,,,,
c6ed7a4aad4bc394c62e9980293cfd9bb2e3e7d6772ed73476a739a3487bdbc2,40,,,,,
c351fb08bc7a5781a5bc3ced6d820d405d06d3e7cf206228569f9ca3df4eed16,60,,,,,
471c32475c6018ef9ccccdbb3b0c40bea39b2d015f5cf0705e9b0002661b265a,40,,,,,
4b55c6e5d5b1aa1fc8fecb7f25576724f594e22b766fbf9201878be640eb70d1,60,,,,,
9f22d92aba5ea234460ee4afc8ad072d99128343dcbb5cdc67696a649b649743,60,,,,,
147ece289f656f1aca12744c784363396990b5855d84828f7b472b3dbd5b2df5,40,,,,,
0e08e714c2d0fb95738afcbdf0c1779f994483255e2e8b87bd1cfb018288f13e,40,,,,,
382396084ecda6ad68b7cd67d0731f623027bbe6e1532f41900b53288a6112ff,60,,,,,
81efda552835f493bc9a4a28fec6706ec20bbaacedefc0a322ebe56aa863655e,40,,,,,
f9c93fb777c40b6dc442cf4284395bfe736e2d461eb06c04c15b8dd2e433e8a4,40,,,,,
650656deaf4bea6acba91a42c7d06101c7ec673bd664757349c228172f9e6f74,40,,,,,
498e64d64024815893bc08a7d1584daaba9557981d196dcb71328e6340f60889,60,,,,,
f42f7651cdffff2fd061949993f16ad83d6160d3d2251ce744a9d3de50188b36,60,,,,,
088437fd3f186d37b686ebba038529589d24b5f7e227c9dd4fb99ac1d7514d2c,40,,,,,
e53330fa961aed51d8cb814293265ba6164d67e1ab0f4ab809be31625df26a48,40,,,,,
d5d64979aaf3e473df23b552b1c519ed49176dddf3386e74955c8d14b7eed235,40,,,,,
5d776e08bf4dd5be980803dd14cba126e1267225fb8647ac4b3bd78b5b7375ef,40,,,,,
4cba4c7d8a6ebe84e3bac69663edd943cee9d8fc69179534eecf043275526f19,60,,,,,
f478474989bdbbad68a61a503b0d1d426babb77bc612d181744a0909d365a60f,60,,,,,
3520ae913f5e476d49ff15e84b658bea3452b540691c5ee225a10209f4cc9286,60,,,,,
6bb9f872c57b2b69f896b75b946b9aa5ba90e653acd3eaeb4bbb6cf9b7dae582,60,,,,,
c2f4ff7a211f574cebc87a9e421fafb28eaa9db3f8f0cd0237fbf787239debea,60,,,,,
8d6578d843b658065ebd70699543e5b588f78793eb34154dc149b1fd484e045f,50,,,,,
2f1901102cc596a5b94ca9c06e90fc9c2e24fcd2c7a756932645f864f4ef141d,50,,,,,
ae4140594a6a30c0b88320df46881052cee63fe21752f1a973d691d6cdc7f256,40,,,,,
d6cd6e1f3fd2b41cd835f56f388ade539737495a6f3cb6ea19467e06e84684e7,60,,,,,
39cedf3a02717fe629d1fdd6d136f202143a8d7d63befb7e6e5ff5731c2b1dce,60,,,,,
328cc6da721ff003dfbad9c25eb898b7832a6539af773b9b5de02cb2dd268cf8,60,,,,,
cf8045903f9d5dc8e5bf027d43c610f599d71b045adef099f003ccb8f1147382,40,,,,,
50e8e451ef34f524a75d17ae87dc20c1456b395295310323651862f3919105a1,40,,,,,
2c5586ce474a6f632dd37097f4e676dbda2c455a78431127d6a73fea2f7c87b4,40,,,,,
d9e5a593b289f80e26aea75633234fe37bbc1ebcc130570a20c17b969c5077ac,50,,,,,
355e0ba736d3a4734a1dcb816e4e30d5957e9e6deb0207bb3e7697da16f96f02,40,,,,,
536a9835996772a727086b27ae647e30543b1368c68833192e1cfa36b162c1b0,60,,,,,
3916914d88a53f5de11080564b4ae384d258a80c995fd94da7841da64c1604b8,60,,,,,
1267bdf3777dc56607f4f6414fc1d7c2385cdd1fb076c41a10bc836599b4a83a,40,,,,,
efd5975134a3760abf6b5b89a55ea80dc8aa44460f44ac8ce7041cf5761862e6,40,,,,,
0d7cbce6e56f37d729aeba28dd2bbbb0bc27d2ccb9545027ab87d1ec81054160,60,,,,,
e9f9a03416c660eaa14c14861b7fc823bdc2248d889e8c3a95aa9a6390d09a2f,40,,,,,
7fb1caa7786734ad9a18b8e9da75ad8bc4b47f132c16e68fa2f385d31c921474,60,,,,,
b901c9c15822936ee5d69018f24e109f7f2274e3b778cb6c03eb7043384f358d,60,,,,,
f4bff4f34c87751176d97417f12b79081b716867669dde3929d2fd4c8e49259e,50,,,,,
2001c488d9a78b6f6e7b108f3345f6353c46aad1c6e28fc7b5a9cadf42b535a4,40,,,,,
a3d19d81cc8f158b7a6ea5a9bda8f85858687b388bb60f427c1c04fb39f95639,60,,,,,
73828e8bed4df74c31278fb64b196599db1d52686abdf5f0aafa887fac81428f,40,,,,,
b2ca8fbe35ac20c9170294826086963ff6a3d84b93c51177c4a01d1ab24f051d,40,,,,,
eb7f331d1be2a0b9defabfd18cfb6f96c530dfcf0c5a808bc23aedc26e98fe9d,40,,,,,
dbbfe70da97fe538c4af2a7a914b0634a91682782661a241a72f6a4907902119,40,,,,,
8410764cfe73effabac4c329d38c2683fe94a6beac2bbf14c669cb17018b71ae,60,,,,,
164fa88ae073a348c2d4a5f3cf1f484a9c92b3546680779fd7bfbb1c5306e511,40,,,,,
f087c3e69a21912555304a3f8e330d243115aa9dacf7bd41ee4cfeade35023f2,60,,,,,
836f6f425850b04abd1f4cb9f91b9b3b0159ea29541752db3c1839c4fe77e464,40,,,,,
1c5dbff71945e2410cc453c625104788abc50d2c78b8dc8fac5057a7efd976fe,60,,,,,
07a6bec438cc2c677e2d5bc06c3097b0cd22e9c70e0a8005036435904a9b4765,40,,,,,
5325a98c4e384ae3c9df09ac0856848ae4b57b02e150b204acae98589541783a,40,,,,,
3ade17798ff962d8f84bf75ca1f4806aefd6579d4bde324b2c62cdc1b4cb3f47,50,,,,,
fdfa30c9a55d21fc42f8c7c8e66fff6402fecd9d22eb09886579905f3f6e95ee,40,,,,,
1db95d60156fe1ff9b8a5bd7198de9836e92298b28c1d19e1953f0a28a5f0145,50,,,,,
c3b56d68c80c4a6a9879c45a7761a538e3546644623af1ee469d3b70130fa0cd,40,,,,,
a93ac4fb3f9dadc22f7b7f1877bc99b84a77fe3bbe560bdd20bbd7c4b6f9c1d6,50,,,,,
7b761a8d9af3e013630216dd10d9b45a4c448dabf3b551a9537971d79913e513,60,,,,,
dce8d43d0863618733dc1948f11881863f4135f11641ad7e3c3535c107974583,60,,,,,
b5ebba173947d8a7238497d0f48d6c244ba24b9b638cee591d9dfb1a54663b28,40,,,,,
066e1fad1843cf485d0c5029e8c4b69727e9ca8ddf1efabbf43bc3253745fc1b,40,,,,,
ccc6d769d7f09a8fabb809f3bbcc0f5c03a8ceade119c8ca34be75b4c20929a6,40,,,,,
0af79442a0fcba495bb9d86afb9a4a90ec0059b3b7876ec340fdb049ad8dbbda,40,,,,,
d31d0a0f497ef6316c56fc115f76469764352bedc2157c3785f5f51b35700e92,40,,,,,
3ecad406e6c2de1de41bbfdac5d760cf0e3c6302d934a762a3ce1e0f8892fd34,50,,,,,
409e7c3160a1ab689915e6f2ed03e44b58f98738fab9f24183c0f82f2d14cafc,50,,,,,
27df67deb178e8b13052ee70dca9d7da45ecfc6a473ebd3ba71038ffa88d201e,40,,,,,
c3e4ba57262d53d5d060d03a3990326dbe02c3630a611bbbbf38b96b13928059,60,,,,,
14177c091c985f82ccc9222fa3649845f1e6b2d03fd4fa8523b7d89562bcb888,50,,,,,
03048d85d2ba14206d18230005b36ff3cc41c6f6b376bb1c961786ad373fa214,60,,,,,
8e2ee421f0cb6493eb0ba5a63f0dc08c40beb7160773ca0561eb66b6e07f270d,40,,,,,
e6d620b58a5b00975863bde124e15eeacd291c95121bc31715c1c8ffab20dd14,40,,,,,
2a06f217deb1c398c08b7a6f508dfe7823f1ca1c642a35b42f239b1369ad87e2,40,,,,,
2beb7713868343823c8d7ca748947f457a2fe24783b1cd58b65ede64b5b3cf1c,60,,,,,
87a158f2dfdbc21bae4a72270df0e9e710434d7ae19d8b1ca206d26374a8a966,60,,,,,
cb2642f2ee336b0993e9faa94ac879c23ba43dd67597408fd0ccb4c1721929e2,60,,,,,
ca5c73aa464b6fbc973d3a68b3e5eb8229029a22c4bb39476c50da89fa0f1822,40,,,,,
c5293d235a3a612bb51348c55d971f02e82266ce7480757e81e8a6fce28cc1af,50,,,,,
1319858c1bf65b99a13b5880fb77fde9367539c56fe8be43f089b2436f23c5fd,40,,,,,
8b4cdfec467134459c12cfbc510d62abad0620497126b61204685627e0841fac,40,,,,,
da6ed07439db3ae0bfb537dc7a05873b212df786aef748c19263d0a5d2fe7b1c,40,,,,,
f203b74d61c7e61e562844e2cede42dd2503bc6dfac113e31ffdbffb66b55057,60,,,,,
64cd804b95b95c86cf3038752ebf6580e6d8b2c9661303c2b5814c58ac6cbb2c,60,,,,,
5fea0b434ca4c0796ed243e48a75c7377badc19d679cd5fd40b6fac89fe7b58c,60,,,,,
ea75a97c6f64e66b6ebc66b71f31b078ab598fa3a75fb1374f6aa27924bc2fdd,40,,,,,
42b6d6a84666ac7e899fcf74b02c9165ea8cdb4c53235367780235525b42656a,60,,,,,
a99f9e7450f6808f4f7324e014a598f19f55a33df61d914ca7952185cedae35a,40,,,,,
341ffaa3abbc65ee65692a27c53bac448da2fa0736b44a36da9bc6f6e6e4adaa,60,,,,,
a904fdb6b17588646a5fdeb4a6fcbead4437f99478935e05becde9984ba5f2ed,40,,,,,
7c91c6c2f5aa996f919e682080f62992ff95534406eda32eecf2607d3490fa0e,60,,,,,
84a828aaff3df5118f41418bb6de658c2f26e43f896770ed8a9767499b57686c,40,,,,,
161aa8ad5ef1740d202155d8c2671f1147b0e0c31050b423d3d3d4d8fe3ec94a,40,,,,,
64a7ada6af1d8e59e78108e91850c14093cd84964604921af5db4dd7a553d25a,40,,,,,
fb1980edaba0fedfe195c5fdd646b91f5329c4924bad5d4ae715bdf92cad1488,40,,,,,
8f23d8d78ee66e4e2ec4037c88442d428f62b65ddabbc5c0c363a5b5c93afc6a,50,,,,,
e3743e3473b4e263541d60dd792980e19f74b40edb1d828995b1bf1a35ab1ca9,60,,,,,
9924fda4d2d2e6b937aa4a2f1ccd1964d60dc9751ac25a93d4e045c6ea623d7c,40,,,,,
e2a7ff5fe9a6021575e080aeca44abcb24fa6458b8c70238842c1e0aa20f80b9,40,,,,,
bd716ecbd414f21861044232585bf80ad792e0e83864c9c0706e69314577edc5,60,,,,,
3e893f800dc50dfbc0b81b6ea5fe8d0c95569adece58fb5c4a26805719a264d4,40,,,,,
d8ce00cb01d0fc478c9698d99bb258b23e0fdb5082bdd0b20284d46c63383886,60,,,,,
a1427916a850bb0a4ab4a150bebb4af99db474ce97a8a98fde6677e640a32864,60,,,,,
71c158c20eb2a17eaa4dfb5e551fef0c7bcc7e65f4324a3c8b9bec5d280adb49,40,,,,,
278945c887163f19add7586a8ac2b88e854753e08c29bfdb38c3ec0799ab8f6d,40,,,,,
0f6b0e3208dcbfc904db1a916d862820069869bd606bc1154412da43c2fc388a,50,,,,,
35d7011c332fe915f78cf767d1c30414d832be6ee6f008512d31049802cbfea8,40,,,,,
49dc287b85c21a119e5091896cc3c18863aae18f443da4eac851b217f9a410a9,60,,,,,
bfec3de9b2030752ac0654372e7a1daead1fcfe6f4904f78d993e5cd2b68383a,50,,,,,
c9bb853f7098eaca2828c55e839808d20ad9b8cd453ab4ec70bd7471ea24b81d,40,,,,,
7f0ffcdf3abeeee79ddf37769cd24dff9bd02e34f791d3b64e8055dbeaf11e40,50,,,,,
5a05be29d62b4f24fd427a1995639b5f2a7c966f284aa11a0ab2f0434291c354,60,,,,,
23277162bff066de6b864198d862f1ede6b23c4bf2a9a5fa26d2e33514b786b8,40,,,,,
765146319e11e1691c1d17d56aa84972b386e3caa92bfa9b21d8af7581927233,40,,,,,
be27631fea58fc4c865fb9ff54b0889654df62f035c1c21c52dd1f0036c14c38,40,,,,,
41f29b7c43fa78d6c6a2170b4ca1b512018e33a77f5c6b129cab3ec52ec43a3d,40,,,,,
b6b89dd17432758ebeee44ec7d198a608402eeddb06e355b76a677c6083ada51,50,,,,,
d89feb15e1ec7b930588b21eb58ec0a9b23c9069201bd7a36640b161291d0955,40,,,,,
658fd52cfb4e3d6a97518101487e6a8503306aa9380e3354290d721f89ee2f80,60,,,,,
96446db5007a555599f37210bb3be0c03ae624a3b5175f996acc1c113a99a7ca,60,,,,,
a4db1249a5d4161465944a99d2691fc9af7a498bb7ea8316339318543209850b,60,,,,,
f1f1a3dbfb7afdeeaa0724ab1d1123b63509c459c76448c63a97af20d2b51f2c,50,,,,,
0a64dcf0f1e31ba7371392a1135fbff356f3acc41be299b214bb6117b34c36ee,50,,,,,
c10fd1fcf946c40d02b5987c04021a3491ef1890c72885249cdeba95f9131def,40,,,,,
1113a52cb6ac061c4b08c2cc5831b6f824f6742b14ebfb5c706374ad1016d41a,60,,,,,
63b3b2208819714c9677fbfdd8217c5b7dee8ecf5f383502e826bc9e2227ff5a,40,,,,,
e39986a178d585ce7ac198fb8de6ea436366dc0cc00e594810c2e3e104c04b90,40,,,,,
64bb894778e719d3d619b5695a6f0373bb13146528b5577ae422dce526ead1fd,40,,,,,
bbd26ba94fd5ca21178f6cf0f1d32a72b5bbf2598a0afa830df2710a266d0f47,40,,,,,
202ad7032ed72654d03f748a039e00d77b899b367a663366b4a34433cbdcb6bd,40,,,,,
970be8a24392b0b6c845881156859be8866b9e55550c6ec992ea1c63bb65a5cb,40,,,,,
92871897c48a56c84be0fba41be4ca972fd90067160f484ed57b10757a02c940,40,,,,,
18e6bc1a4366908842d4d4b94116da29c70a58878a137909eeb82f698c1abbca,40,,,,,
5e0787e327905a10c8ac027c3ae92474b81652513dfc639831003b10814acaa7,40,,,,,
2c2cb69d93674705fb23f9bfd0513e90278d34b0d6cf83753ce46643e97ac2c0,50,,,,,
8288a57117b24b0f1a486dc01bdca8332791437e89b842eff0da7f1af993dc53,50,,,,,
12a0f2b0c21998ac9809a975de230591ce3d0408777343329a14eefd2c5a2b61,60,,,,,
3190b2c0c170df26076a8f2909a32dc0bc47a7231bbe5ca4eacce6022a3ae7c2,50,,,,,
0077c80f1adebbbb0eed63a140839f38f82c2455202e89460136fa7bcef1191b,40,,,,,
1db64c9bc33cc2740f9b1f531cdcea4397e9a73eb9fc9b42c9edaa72396d839d,60,,,,,
55e9ca310c385667d381a64c7dabf72ccaa3a6a145a9e44f9d3d79ade22ec353,40,,,,,
32ab02f473e394a882fcfb7989cf1b15d185e08bfd6f04e9e0e0492e542049fc,40,,,,,
ede474e180fce1c5a0f76bac708df06a2568be6ab967cb66fa82f46b3b08d622,40,,,,,
cb9553a3119fc9ce6b0fbe7339a31dbdd80ed5373e61e4061d0fe03ad84c6111,50,,,,,
9d8e61e00218e8327c4756dddcec7c05296e76023f387a42f1184038b99f152c,50,,,,,
00704283f028dfee59e85ef590512df10296d4db64180098373af57382276b36,50,,,,,
a88e7ce488f560ca6defb552d1d6032dd61ecf71bdb1ab2d9be1a9de5b93ab01,60,,,,,
f84c486ca0c12809b361ea0eb3a359e2acef03e9b422141def15464d6d7af2e8,60,,,,,
6d121455c2b220567800bfb5e59337bafea43dc3d071984dd2c984fe2ca47576,40,,,,,
bcf91b92880eed3a77073cc15ad779493f2ee63ac0db10889bf15ed185d15b0c,40,,,,,
d2e2ca4461298dae8313ac86e89e38f25969a2828f6d7f70d49f7fc61d07e376,60,,,,,
cfd9d0e376c2905e26ce0c6e80cc1d2903febb3a2a301600bb02101eab45f79a,60,,,,,
253b834a44003b1bee0b1c01e21333fd6bf98621723aa7ed7720407bc2083fc7,60,,,,,
372d48239fc4e51f3464a66d8c76e191aa3cfa4007d5c279eccb1d1acf7e663f,60,,,,,
8f2070bce75643b76e647a78526d4d8007cb0a3485d825d0fdf6b2a21f8ebf60,40,,,,,
51922537f0b00fbd9a369c1baf0632a4ef6abe6040c9dd7b4b16fefa3ea71cc6,50,,,,,
a2abedcc4556d6bea38844b8e061642f37bd2f2282e537f61dddc773f3872917,50,,,,,
d691082b24f89dbd04c70da3cf1fdddf4173a157e6b5524a2af4f25ede4f8048,60,,,,,
9341d36ef3595663080396b5468a81dce53d814fd4e896e5efe24ab4e47c9a4c,60,,,,,
9953b8f2645de087755d917f7e9f56d53010cafa2b28be68ef77f55fd4e67ab7,50,,,,,
84f8400ff657df319426ebf9afbe5ba8a84219d7da7e0cbe296bc165aed4c261,40,,,,,
902b3e759716124d66f2bf824c2f83b37c4f48b6efd9805e50732c1fecbe45e8,50,,,,,
350ff5b92dafe8a1daa0c2e2fc0a10d6c44e45f0d13b53f26fcdfdcdfea328ee,40,,,,,
0d101da0025424ba2b4f7545e60b7e210fb2129d8ac5acd157d9431aaebf92f4,40,,,,,
956fadc49f9f5583cf59fc0e8dcdaa6dd37d365c71df50cd8ed6232e382aae7b,60,,,,,
5aac976ca47ea93bb2fab87b0dad101c36b083bcdb1283e7a3a818bbaf87da01,60,,,,,
977f393f9e8740b29fede45a9bf51f28d5463cec23f098c56b5358f3061dd0b3,60,,,,,
1b924b95eede54ae665b3064c5f27b9ede7add71371cc5ca58420dbfd6dc6a63,40,,,,,
01395675bee91282ce1c9c2870ed928e2524b353217b297cd2fab2cd5640d4c8,60,,,,,
fb55e1f0fd8444f4b600af7c5587daf6d6d69575c9f206a77d7554a57e331fb3,50,,,,,
9da825b280858dad83ee0830ca00bca826925b9ca5e8c58e5dc8bda6937a42c0,40,,,,,
5e5c0c103c973b0fb4fdbf517b836006eff9c8e498180124cac1efdf71a76905,50,,,,,
3d35f3a1de47b3bac2d47510677101460f854d42225e5a8d8a25ecb5ce7b1280,40,,,,,
a61381ff4734035e5b86b11b78afd2b91ad2f9efcee102683fa885204da68c1f,30,,,,,
959e144f5ce738e86d6fbb39f5ed68035bed48390a364fe61bfb0ac022678ece,60,,,,,
5fed3ab0b7b4bcd32bc7abf63a24934c2e5316ad06e3a8e8c304a7cdc73a3e12,50,,,,,
9a68c32bfafe8e74b4e9b05ed1540f5e743cd4143196c209464aa5966b578a8e,50,,,,,
73548743c615ef3dffa8d51dff3116055e2dba22b6e5d3cb6e0dd65bcf272879,40,,,,,
b2c1efc6926fa2fdffaa38e646deb1693f02a0639f1efdafbf9a98ba4411f11c,60,,,,,
b74af526d37ea802d83e83b40ebd7b2dcca51a36f1388f9447a4567613748d62,60,,,,,
72b308ca5e73a870954f82c41ea62b74fb56d9b8eb83b78b48bd8989579792c4,60,,,,,
5f12e60e30d298cfcc09522fa28c6d27df89a7430b064182de9fbb09b8e0d9d5,60,,,,,
7261ddd46a9ef7628d4f4c3731a360792392d11c13a2820cb6fbeb43160b4005,40,,,,,
86b1e19b674be6ebd81bc317d013ea7cbf4b5b583569e9778ee21b399b3d9f22,60,,,,,
34cce310d97d63c90903c4907db25deb4d42ce303622a742f9ffcfbda5a280b4,60,,,,,
03466052cfd78730876dc9f3ee5434b168c53d3caecedff954ff7decdb9c6cf7,50,,,,,
8d6fee45993b47f4b6473ed2750775a78474eb3bf76b2da564508ef3ea227a2b,60,,,,,
ab3bd1eaaff94986c39b41f947f5b429bf0146f9190c56c505ec01be35f3ed58,50,,,,,
d591a4fe0a00dbaac6ba28cf7f5e25c6092ed43e7855a5eb3ed19c04024243e5,40,,,,,
bb81f4dcd75d50e951426c8c2d95f1f0fb840b591d58ffcf55cdc4e12df18a27,50,,,,,
54e4867c923e063b292b4d648b12e1915bd61ae35892dde6770a69e6d15b61f5,40,,,,,
f0d2222691478f7a068ddbc3b989414b582d88a268421d5273a804bc9fb20a4f,40,,,,,
72c7ca53d3535e62985ce3fbed93ec3c3e274035cb0f03ea1b1c0095ac047de7,50,,,,,
06974e6b71790bdf09b9d5acd23ffeb98bb4ef5cd516fc4b96c0af2ee82425cc,60,,,,,
f631fdd49d5e5e22b0d6227dd2fc05c55b5501e4018826b93cd125025f70ebdf,60,,,,,
3bed718fdb7b067eab37c8cc6a141a1d3e283078c92e49227e988c08d3412f28,50,,,,,
eb2c399717a605d06cec38c4093a98a90d67b20cf7f9e22b7f15252697e2f01c,40,,,,,
33623a0613a6d4297e91bd4fb3f007c0442d61e62ddc93e315e8fb5186fdb86f,50,,,,,
09e0365fb81882a5f8aaa82e9bf666ef964fc6de1497a03f99b225e1f2fd9e45,50,,,,,
cb82ec298ace8a8f742acb26ce0c2dc1c965f377711e524acf722e74cd486c0f,40,,,,,
550e6a912233931437cc780c5aac785d67c4a79a15c20c8e4a1103d123512312,60,,,,,
9e817a53053429293f27a590284c5c1e2dcf324b67af4a2bab67448541fd1b82,50,,,,,
c4a091b7a51733aab7b2e864fa55a23cab8396616907421011789ae310bd5ba6,50,,,,,
2af67492131d51c3cd53c118bb1490944b09d7a0c6dc5845a9a4761250bb34f5,60,,,,,
0ca02fa5eb30967203c6d7a6e7b85844567a9f523a46362b0748d93b2691df6f,60,,,,,
b2d9de0d7a1c8cecf0cac9e8d7a0786abd755eafc20543d548f2755566e62985,40,,,,,
2f210e81a1701b9db7cbad30f7cdb48d63182507f26c7f233f7fb3e9b6ab9638,40,,,,,
ce096aa148e01e49d9b14000c9935a1e7d9fb3cf5c6e43893de550a60d8524d4,60,,,,,
17c9fed358f27cbcca7ffd826cadb3cc19bb238c9eeea714329dd30586c6a83c,60,,,,,
4033c706bd45ba6eec87b92cd4fa1e518fb75b51a470f87a7eefe4f0bc649b16,40,,,,,
9e9f42253ad64e622549adc5901c87fddbfe647a223f467b64ccb682c27f4cb8,40,,,,,
e1f05473df5c604226153c779f393ddbf1a8a0bc738f142caf0b97b9d33ba004,40,,,,,
98296481a04cd3b2bdd66ffcf864ade3e8b92c4723ab3d8c48190dfc6a39f241,40,,,,,
943e664e538a92605c266d34130084d31c61a3c9c1f192f3e35f89cdade37013,40,,,,,
28d666c2a0821d152b5f520e6790e19fd226529be87f39cbad4ede4e29dd85c7,60,,,,,
1c5ff48abff4857ad6cd4f6573974e48bbefb26556a45909948238d95e0c29f9,60,,,,,
c03baa1a364d9a2be23435c957ce0847f00ac8489f63da60bc1469eac898e7fc,50,,,,,
67a91cb25b4729b7a50a12b307b15e0811e50ce4f98721d6bb0131c2fb79f334,40,,,,,
b07ffbc5f1e26e34c4fb79bb10c84b27a24b99e4c705f90ee7054604de509da5,40,,,,,
b5a6d2a0b446c3a0c6a93136184d0c9f25155deb29e463c9effa711f4b9d336a,50,,,,,
8cd926202f31b6a73b2f4c557d77d2725d25cc68822284845eff893a2c90597c,40,,,,,
3d8100c7e2fdfc8d7c8df4ee6b5003d1dfb960230bbe8885b453435a1f57177d,40,,,,,
3b0533def1894e6a752e345c0c35e06506547681ba13f38f030ebb700e50969d,40,,,,,
f1e77239f8782af0dcea537552edca987575b0efbdce74277bfc20ca37217c38,40,,,,,
be8adb0fa1604f2201e8dbe80d8bae11b6510c1dadf2cbfe97bb59dc4881a503,40,,,,,
24283865190aaef9f4657ace361f7b97d38f1977e1d8fb6e9e1c2e88fdd28437,60,,,,,
42e3135239ad426590b20c81d7cc1c526aa9c2f76c2a2e5aa3fe98bbfe96e3cf,40,,,,,
b1bc89c1ffd3ef34af03030b2265ca39a96f3688beee58c30d8208d0eff29a94,60,,,,,
0b63c84ba787a30ebdfb9db7b6a4de348444feaea1874223b12cbc8deb899309,50,,,,,
51666b804c518b1d4ae342e8b7c32946c7b1f63d5d4969422b98565b111bc8e7,60,,,,,
0b17b505dcf6aa672547af312ba3579ecc988181e47d9295ea59eac0cc888333,60,,,,,
adb4f1972b7599547f978b9e07cbf891f8e3204968eeb1c3f36ca411477e4272,50,,,,,
6b62d9930a5c5ed7cbe0471bfc688fee22a8ac8258e8eb4ddbe98b016cc88243,60,,,,,
fd7ca732ae61575aa277cf977019ddae1add37e1e7fa8a5bfa2d075087405d9f,50,,,,,
8bf09fa0e865975dd218bb04560d31680ebf1c6c95c4a6b32f1721dde97f7993,50,,,,,
057e794f85152f898a4b008312d160c18a12474db29779db9e1a567fa06aec52,30,,,,,
8834cf7d86f9d44a8f9e00ec1ce4a705e78abf66128ea15a65ed74c693900d7a,40,,,,,
31bd2acce9deb8905265422a18d14fdb0744e9e71bc9e3ba2890d773aead52b5,60,,,,,
5892ab21f5b9aa91d34a45cd3c4c5fe645d7b6f31339a33d1fba59587ff09f73,40,,,,,
5d2e0f19f0e61caf2eb2ce02b1ceee041e9d503ef68db328c7097e1e17e2f84c,40,,,,,
c643d3e86d875bacd5e8c27f3981af540ef2cf19f2d517ecc51085e2afcf1485,60,,,,,
a5ede8dc0d84d2719ee72aa9099fde961399acf15f81b23603ac65a776f83245,40,,,,,
829af03e199c9ca4a1529240c01c475306232543a62a6e8fba52a67f50ba29ed,60,,,,,
965a7ef41c06f3e2498422b5afd052920212a7f98b54a2c390902bdabe9654de,40,,,,,
35edeac4aa02498eab2391b05a08bdee101743c3aa9c9f19c0412e4aef7b3447,40,,,,,
96f0ab37607c953106e40bb50d25fa428b8f51127c536596546961ba0a3fb583,40,,,,,
c1ea0e956a250de791f8971cceb66935a057bff92cc357caa150934aa0781e3c,40,,,,,
aa7aa6bc175abee864fddc369c11b6b4912da286a8fdf62a8aef3895ee644ed8,60,,,,,
364afa33884a4570482336938e130383967de97121b5484f4223851098866f89,40,,,,,
5f5ff419927dfba7f8cd5c330c8fb1c943228c14a2b41b172731bf12ce6f2a45,60,,,,,
9d061f8d877332ca9b8683bc07353ce0ba79fbb9bed529cb8d92e481955c8dfb,40,,,,,
0c2cdde9ce83362b1393c1db6e038792dede886064ad31e884aa363dee082e09,60,,,,,
ff94a59ccbf1fbe8db19f165ed39798c5a81a20a66cf5e59b0894b697b5d1c56,40,,,,,
cc9b6101a8863082493ef3888d1aefc2b58679a53c423a04aaae45c96434de36,60,,,,,
304b469eeb811e48222c1d79263f5d70a3407c94a4f95dd6749c47c765cec79f,60,,,,,
3616537c42d44850af919c7a24fa57db46b3190495878cec29c0ce69830aeba2,60,,,,,
1d5622876f907444e5accc76ae94d053c297922d5a99ce0f451f15ce8b0eb3fd,40,,,,,
ee5ca1122089ae864255fadfb546709babd3555e776b1e777aea3a3a345c3375,60,,,,,
f49f64498f3a217963cb17212d25091e5e349ddcda29d9cd3fa2dc7e966ea7e4,60,,,,,
5eccf3f99248c2eced885b8f45dd199cf31e223950929db746fad1ea2b3b601a,40,,,,,
f8455e1b52f1f1b6d56980b0ec949bd15f51785acb12365648206f91686761c7,40,,,,,
7aed04abf7cc42695481b89e4db2e8760eb56dd0fafc7da9f13a43c1158efc5e,60,,,,,
82c05cf786e96c471d832abe6d94a8179af5c5dc5f520020ee4d736bf85cc955,50,,,,,
dab6b13974bdedc3e0d6e781a9c2732f12560e2240e96cad945058f60d699dad,40,,,,,
65523d387467b10870224d9d1fe093c2aeb951564466f0196768b66d94affae2,40,,,,,
c0b9586af56322dabd0da67840e8c4fa6e34de02d62a51c81a2095ee0f58542a,60,,,,,
1032c0fed3ae85ec16bfca7705eff348d66c49f817492365f8442cfef6ad4ecb,40,,,,,
f75f475465f1789437e981b6a313d02bd43efd87a35daf40800c51991ad32fa1,60,,,,,
b59bf8a377081970a21c5f326d7b12fece51f2b72038d7536e0d55b96cfe720e,40,,,,,
5ebdf45058db9a855d5cdee7017bb06016e444569d390d4154cd8c78d6f56f3b,40,,,,,
dbf9e690d58ed2d311a3d2019537e5aff774e0425058577d4951cdcb51e603b9,40,,,,,
d2643d034fa0c4bdc5b4b282143835275b02458099017f8b51b6e5499ffd52a4,60,,,,,
c826b208e30168a7ccf9fb34a18927d60c6a4686bc5e84076216217ee9d7d3fb,50,,,,,
3cd4381528c45a4a69a3f54a743b9c345907241142bae137e35e5fbaa5d09994,60,,,,,
43c03caf4fdc403c0a0183e6180d9d6830d29daa8dcb1653ce675ac2b51f085f,40,,,,,
4e8cc91e1a90413a4346638c030440bd7cc1ffa9b1f06f9b317d9b330797a2d2,50,,,,,
7c3906624021b2f3aaeaf26b4e6246d32b943d721dbb26da10fd9d72b8695cb3,40,,,,,
01ad8256a8c8fdec1943446b8bcf03ba52651925b8cdd3022875316f77bcb54c,50,,,,,
f955b5ab9ae7b791a5c440ae067dcf4f15007a9b70147cceffe0e3f6bcf0d43d,40,,,,,
cc529668ce3b1b42e45e39c48f0907e3526e4d4847d6a51364fcf5f22e529f64,40,,,,,
4d342c69d6d28e8ca3996d803690faddcbcae5b76424345657e5b10c34d12dba,60,,,,,
9d784f25ede7140d7ce266d658110f8dfd17b6cf5ac1ea30bb62f1b4dc3f4243,40,,,,,
aa078b1a0c8f76390d7190a3d36c42dcebee8a8f67f04fb6acd0442457cfd658,40,,,,,
bf96e9f8893dd617018a9b9bd0613b8dc5e7016027e0dd00fe9fd1a83587eacd,40,,,,,
05394502db0d4d4604c86d520dff10958c89110048c1d198368cc2292b653542,40,,,,,
d871647e33a88adfec4d219a78b4f284b4906cbcf103459a387f670eede5305a,40,,,,,
b1ad8f1db4208b3e3acf26742ab9c25f346fc1488153ddb65736119b4be9c3ec,40,,,,,
a50d077e9dbdf2c85a608113a7d75a51e9ce29351853fa1982a3a71b3e88649c,50,,,,,
075bca676254e9b633dd7f28afb7dd318359045f1d041b2452973143bcadb9e7,40,,,,,
21c078ac40222fc90cf4b3f40eeb5abd0a44e67a0eae094f21423015e4ff4c8b,40,,,,,
d718acd3f92c9306991f010a388c1f3b0779e407a10f6e2e4f865e4af05eab18,40,,,,,
a7ec19b94873857c437cddf368ea8f991c6b161d22f7dc07453c8a2fe4978ead,60,,,,,
7140d7c8b2f956298a7eb117838b0ed51bb988a5545b0d5cb9607a7abad76ff5,50,,,,,
81c5d7cc00586267afcacc40e6151ee8f8c0db803e4611dcbf27fe375c3f96c0,40,,,,,
1ad4a9219ac130946a404f66864938491de82538e2c37141626cc71cefd75066,40,,,,,
314376038f08ebfe8a189561a336fb7c0ffb8af6013ccc6a41e1f5012507a8aa,60,,,,,
a5520abaff0664d2c9c62b2009f3ad663a2f24edc6307162b2124e5ee1b30abd,60,,,,,
4592f0f7d744ee7ea655feb95887f6001fbc8ba906bbbc4cf9c6c8d903cb85e3,50,,,,,
599953b27bdeaf7fa11b463e3017f9f0b69107c957d01641ccf1ea5b90c1e3b7,60,,,,,
3f28710865b88e5591677220678687207f787d3d725835195a263413186c59ae,40,,,,,
3ad8ef12509a95cc6adfad074a2d9de3724d0ef575979f182855b064048e777f,50,,,,,
f4e5ebaa798a8f7cf19cb1054c92b94a7a3019f377c022eeb4d9baef89b5cbdf,60,,,,,
700e19f8a19654b52eb5428def76931580f21d19088fbe0c955ae120e9e9da4a,50,,,,,
72946b4f8a5f39e356934816b63c6124f2216452360e8e2eae8497632b3b2d29,40,,,,,
4f68a2df5f98c95050c91e853fa7043856caa863bd12db5ab0f4aa8ac31af2cd,60,,,,,
567f492e36de70582c704cc2fc0f4255ae3647166bf865cb66e46c7b80809d41,60,,,,,
66d5259d29f91c3e5e9ae0c95584d07dfd5590da915cb4028ddd9a6eb163a4a5,40,,,,,
7a35a0a061704391f131bccb590bcb938711b7c8a1856d4671ced2a1c3901cdb,60,,,,,
c0ef6b0a51fae836f7464ab8d780529e8bf510b78d85e7dd2d2940b006342c27,50,,,,,
59af7378e82d0c8012f04e137c515bb84bde7190922e11b676318b42d8a45fe7,50,,,,,
b098685b8504ceb87502c2cc30ea9ba84fd56d6137523782f482a649eb1fd42e,60,,,,,
536926cea7910a4b3e7f34918ffd3f060f0abb9a2fa032fd2aaf6b9a857cf400,60,,,,,
c88882e0cdf8261909c6d1b8c8d399c593dde45e9324d84b0949d56e7bd2f703,40,,,,,
b1f234e2fb86e5c0d93222b165662a77b9872a8ba5279dc251159ac10df5a029,40,,,,,
3ab5dcb22287e19a52c379a6572bcd15ccacdf1721c14994aa46e001208a6cde,50,,,,,
574f1847223c47eb2d7790363c59414124d500102896da9e920d06c9b1fcdbbb,50,,,,,
5f090a043423319924c1ebd85b8037339fc7a5ea42ab2cd3a915bad5a65735f0,50,,,,,
958d8f8897181ec5b410f506705885a0cc2cf45117fb644313f8c399d5da2462,40,,,,,
44d592b047e645d1e98c685cccdf48f799b54c066560430a5385d02abf09a759,40,,,,,
9d103540a895abbc6329b37788f27fa167b26b4bce93bb591f828b9b75d7a7f2,50,,,,,
247b54b524dcdd1a4dbe76ac11473ba26ea003193ad86216fe411f9b80e8c7fb,60,,,,,
37a3504dbd24e20f51a5eceda7dbf0bfaec232913a017aec89011670b8c66e37,40,,,,,
4909ca3149d14e34cc1e4ef5980aed3d53956c32a4432d62aa00cbe56a7ff40d,50,,,,,
fe81691f199873bd5470c7beff9a52fdd6c1e03b80484e40b15ce040cde851b5,60,,,,,
efd5f348244158e737645f9e8fab0a710437348d959925fe59b3b92976a7c6a5,60,,,,,
68475c49732802b48f61f887c14c209307c4f8b6b8bd84c1f9e85a777ec19589,40,,,,,
68768ebd9b04ebe7d9f093414c94a4f550741b7f3cf6ec3089b62c0fa76ee308,40,,,,,
94e143d51bc33479ee16580a6f23f23272d2c18130579a5ad090529a391ff868,40,,,,,
0c131a976c8adf7eb27ec5e51f7806c662d5070df7fa5cfadaef842f9d0e8859,60,,,,,
61d6efed2b2896da8454b72c6ebb9ed6a3334281633cacd72da969665528b626,40,,,,,
c86cab8a4a8281be41e08a5bacda71f370fc9f7736f62a79ee9a5db1ee5485a5,60,,,,,
22504ff74304b9603769f6a176d5765273803e3f12d35cd598b83cbec7c19cbf,40,,,,,
75c18d940b9ee4d4b55368181fd6216e481b0b2bd3efbfa5ad90af2da7505448,40,,,,,
bc508d001f911cbb3d65bef30c245d647ca092f2ef5b5ec8a749b6562e708d4f,40,,,,,
4578cfcfc311d12338139d53a315c8e7f53ae637d22b2874457f61172996ef05,60,,,,,
424f26d45d99a78c8b0419fb69acb52e991e40ffc31e41580d419af2eddda96f,40,,,,,
09cb24b6bc50cf9c9771a50229abce9bc86f39681081db1c96184e0a8712cd92,60,,,,,
2b4a6620ae7412d8fe0511b807a30c91e7bf2786c3ea26be847007e105d96e93,60,,,,,
be525bb0fe93a171aacd5bd28dd5622e104103b241acfe8b187cdff3e68a960f,50,,,,,
a0190aad2d6771b72b14a4f2705752ff935876140baf0dbaf432e65f9f24c01e,60,,,,,
11d61dd5395eea8827fc3e2807f7ea4cf9b2f0801293ca6df402a67bf556daf7,60,,,,,
083306ba659c748fde1a287f6f7f41d86bd77640940124780b884b2a0557b454,60,,,,,
e7c5d48db0b492ff35e3cda24a0fb43eac6e1a09bdb78f5e57947a35cf92fda5,50,,,,,
fb9f2ba9f1e7188f3c5ee7167e4eacac27022dfdb7da64fb3e79a77f8038ec19,40,,,,,
ae5c088bc29566e2f1876df27dcf1ff8fe84ccbb0b6932afd3c4f9ba6ff288cb,60,,,,,
be42b742baef52a19744a355327b51e59bd3fb9f34b9d24b52db14eb3ef89ede,40,,,,,
9ffce6f56f90ee2cbafb7ae243d68d08f19d378dab1d314593db9cd50b28d671,50,,,,,
7d9272e78da74427ed8c38f10e5b2a365d6f7f13b838a0b9eebe77e7af05f6b5,40,,,,,
cbd0ebf1b465860eb34b3b8464a88ecf9eca6a52c034daaa03031028f74c6a63,40,,,,,
7b67d380ef90465a5c0e5d68f1b291afa3929ecfacd51f282fdda24fdfd97d3a,40,,,,,
b302624f9fa3a67978823effbf1f898d9d7b380c316c02941eea6935ad7cb723,50,,,,,
455532cdb633a1a06605307d69ca3c7cece9fbe54a7858cf74826e308c70aec6,50,,,,,
28e4a22f06001870f9386f1dea9b88b9647c1042880a72ed0b93adda0e3b1f5c,40,,,,,
67b50fdf838d48ed8dc9c6ce735d0638ee6037944ef4e57f3dd5110c45e27040,40,,,,,
693dbe4967019a5aa968e35f51b7eb37c1985a1dd4f96d304c51432a359cbfd5,40,,,,,
9058e8da5058ef32c8fb41ca6b7bec8f9fa78b55754bdde4f4aabab0ea3065d0,60,,,,,
6b1a1c11e6cffd4fcc4a51b464c9c3485890b501b69bfc1e31cda62ac40d0ec4,60,,,,,
0b43972b26bd909929c5101ab421b2a1bc4bfba15abe8c2c6018ce52fc1274b5,40,,,,,
1a472a6bbb1c3f3a75792a01d69dded6e3afe995be62c9c7a1d8bf6f3e79f770,40,,,,,
9370634b49bb7c660114a8fecacb3195dd7fc54347b493eca4fd6e68f9b0f73d,50,,,,,
ca1959d8e998d863025450e29b21fd4d59f9ad09f5ed8fb56f88f665153afd86,50,,,,,
19c861dfbd2e0d667ee413ac5a39f984c7a3423791e0ca56123bc9466758c90a,40,,,,,
47e4c257536289bd414f4fbd781a3bebc6f80d05feed461f28666ab21abb8e10,50,,,,,
2718619f01eccda04aed0c7b87a50037ed48ac78b4e6e67a58f60362da681952,40,,,,,
a08c9e33e2e80c9157759abaa02a759231cf347e42df6e3004f0e8a507b4c475,30,,,,,
e4e3c9858b5954465596d35af2a332ef1266f9e7dd5cda09cb78b485385fb07c,60,,,,,
c708b6c8f77affbf163b4d07eb5d6a8f96d1eb682726779488cfc67e69f9c412,40,,,,,
fa3f9cd94effb60ce2b894972c2324ad67f0414ce3fc4753a258842dd6791e19,40,,,,,
4b1c83d7c34412e243bcf6475540bae9e8d43a039a47edb7b5e03aa95d86408b,40,,,,,
a667037c73bdd983fcba3b48a941b3dac8c1fde8b41f13589ae2513bc11683d9,40,,,,,
