sha256,vt_classification,vt_detection_rate,vt_family,vt_tags,enriched_date
550b867520eb3822f3a4fba52db50c0ccc56e8cec9141cec19287d789b46d548,trojan,13/75,,peexe,2026-05-21T19:44:41Z
5aee931b8cb6dc4f4037f2fc779bbac62e7eec6f6beffa1cbc3f22a5a75b81be,trojan,3/75,,exe-pattern|powershell,2026-05-21T19:44:43Z
3d6da5772b68271ef098388e533350cc497e6744260111a773f6e828bec88432,virus,44/75,expiro,peexe|64bits|nxdomain|malware,2026-05-21T19:44:45Z
d80cc8fb6839fbd7f636ddb293c00a92afe8b2480609ff847047fe84653d4d53,,1/75,,pedll|assembly,2026-05-21T19:44:48Z
a6593508ead57038569489dfacdf127021405fdf4edbfd1f7d63ad68712410b2,trojan,14/75,boxter,bat|detect-debug-environment,2026-05-21T19:44:50Z
9fc05aad8a9346451068b7e5a3bdd36c59f6865b411cf58b262c1b149078459e,trojan,31/75,wingo,peexe|spreader|64bits,2026-05-21T19:44:52Z
804437a3ccafb8b25833cf7b821cf5f327922ce2a6396409e75be2106dd98875,trojan,39/75,babar,detect-debug-environment|peexe,2026-05-21T19:44:54Z
c35b84345a1cc6fb65315c011f284af8006aa2fee77862ecb3b5f8ff761ae3c3,,0/75,,text,2026-05-21T19:44:56Z
3683d673395b2ef445ea80d604af15a7d05c5d21cdcbbb02fc933298ba9b9862,trojan,16/75,sysn,peexe|persistence|64bits,2026-05-21T19:44:59Z
bb9ab94531de014f6561768f39cd059c630c5ce07828d124fd5150bcd70d5b90,trojan,58/75,msil,peexe|detect-debug-environment|assembly|obfuscated,2026-05-21T19:45:03Z
fad273e19319903ef650dead8a256f56606a7bd7a5ab95e5854568aea5c1640a,trojan,27/75,gootloader,idle|text|long-sleeps,2026-05-21T19:45:05Z
fbdff3b5acedc12399c81aa8153be5a4246b2d11f7dfbfa1db0e5d37b790f343,trojan,57/75,wanna,64bits|idle|pedll|detect-debug-environment|exploit|cve-2017-0147,2026-05-21T19:45:09Z
cbf41a65dcfd5c00a9564cbed62ad766d2fff30e43d6e567a87591947bc79086,trojan,57/75,wanna,exploit|pedll|cve-2017-0147|64bits,2026-05-21T19:45:11Z
3337d8bae0e2d0c50b5a86449b8591a434c3225c3d4b2b15802053d4950228e6,trojan,58/75,wanna,idle|exploit|64bits|detect-debug-environment|pedll|cve-2017-0147,2026-05-21T19:45:14Z
23888151013d27bf9128a5add0182e7642029d850a2be60a57cbb7ae146593c9,trojan,58/75,wanna,exploit|cve-2017-0147|pedll|64bits,2026-05-21T19:45:16Z
683e263918425ae499c8f51ea8d76fa71292ab56bbf567d2b767122b092adf0e,downloader,19/75,bash,shell|checks-cpu-name|nxdomain|detect-debug-environment|self-delete,2026-05-21T19:45:20Z
d107cb8214372615ff0fdd468e809faae6cefede372ab522932fbf8d83c07ca1,trojan,19/75,bash,detect-debug-environment|persistence|shell,2026-05-21T19:45:29Z
257f942650afbf14f40b45a7ccfee3959d7b59dcf7030ca9a246ad8fa3ca925a,trojan,11/75,pantera,nxdomain|detect-debug-environment|powershell|long-sleeps|calls-wmi,2026-05-21T19:45:31Z
4d2f99c36e0e68851dfa890a0af7ce9fed7afdc7de3b03c7bd186e38aca2fab3,trojan,20/75,msil,nxdomain|long-sleeps|peexe|executes-dropped-file|detect-debug-environment|calls-wmi|assembly,2026-05-21T19:45:33Z
03c829f0fdfcc02d3ad8517d2476ca95f57c85b32797d4187c2ac3db5c65cdba,trojan,28/75,adgd,long-sleeps|vba,2026-05-21T19:45:35Z
5fd4a1c68329376ab4059870c941281a29a5e7884dcfffd9a402f639d5d0fbda,trojan,13/75,batobf,bat,2026-05-21T19:45:37Z
33705464d862c32deedafee976816135c5f20548b927322dcd52eb0557490c5c,trojan,9/75,,peexe|overlay|executes-dropped-file|persistence,2026-05-21T19:45:40Z
4777bd70df40a53a97708b24c4ebbd5f581cefed43c4d74cbfa61eec15653d12,trojan,20/75,,persistence|overlay|peexe|executes-dropped-file,2026-05-21T19:45:42Z
5bf4773064d826e76304cef53e173e34bbea240bb1e39db54a08c6a6ce912e45,trojan,8/75,,peexe|persistence|overlay|executes-dropped-file,2026-05-21T19:45:45Z
0c8dffc78085cbbed6cd8cc85a396dfa554e92d038b616558da211d07968b62b,trojan,50/75,phorpiex,peexe,2026-05-21T19:45:47Z
de7093bea296ce216d953a260aecafa83586e82a7367a1c0b749bfda848c1d64,trojan,50/75,phorpiex,detect-debug-environment|long-sleeps|peexe|nxdomain,2026-05-21T19:45:49Z
d72be7107e7c3074adf37312f9831ada2952fd1e1bd47424e0a874ac70651428,,1/75,,bat,2026-05-21T19:45:52Z
f9eeca677d27eac25a903ed359f49000cdd5ed94284034fa629b7395194af782,,1/75,,bat,2026-05-21T19:45:54Z
afc858fd5fb70e930b5272ad910a503403e90dd97265d38772d426e450b373d8,downloader,18/75,bash,shell|checks-cpu-name|self-delete|nxdomain|detect-debug-environment,2026-05-21T19:45:56Z
174dfe5aab5c90326cc9e14d67545654ba30d858c6c17ee216b6affb3c0604b7,trojan,16/75,tesre,bat|idle,2026-05-21T19:45:58Z
9739134320a3c64f49f7f5ac29008e73656f982f58876569408d53aa9deb4680,trojan,21/75,xloader,html|detect-debug-environment|contains-embedded-js,2026-05-21T19:46:01Z
e7bd2cf409f7dd7489ab560ba888a59cb83791bec8a7b7f04714f3a450346430,trojan,30/75,acsogenixx,contains-embedded-js|malware|html,2026-05-21T19:46:03Z
fec725ab8182e09cb35bfe9f90de7cd7f98c644c9c861a615d93e125d1a6e5d1,trojan,24/75,acsogenixx,javascript|long-sleeps|obfuscated,2026-05-21T19:46:06Z
927e10d60e160f8898ca7708892c8269ad3f19cb3bc19c71eac9b29e6b0818cb,trojan,27/75,acsogenixx,javascript|long-sleeps|obfuscated,2026-05-21T19:46:08Z
c38cd733ba07390e4eedd107b55798c8cb32e6dce600a4aadf96bbba079c5fc2,trojan,26/75,acsogenixx,obfuscated|javascript|idle|long-sleeps,2026-05-21T19:46:11Z
6cd4f989ece48635f7465c8c7d44de4399ddf305385762987a83e6e612e08418,trojan,19/75,heur2,obfuscated|long-sleeps|idle|javascript,2026-05-21T19:46:13Z
fd2f9eece61d06771257f5cf5804b128e5b9c4183c1f5a37a9a9ae624fec6884,trojan,27/75,acsogenixx,javascript|idle|long-sleeps,2026-05-21T19:46:15Z
16249dae8f9fee002ab1cf2ca215f1f83d30eabd2e8518ff570891c5af2f3510,trojan,24/75,heur2,javascript|long-sleeps|idle,2026-05-21T19:46:17Z
b2910520cdc56927fef6674d14d1f8ca09135c56336ef18c74a2fed745614ff1,trojan,26/75,,xml,2026-05-21T19:46:19Z
fee222dd8ac7eb4d859602ed635ee54d1d84f301a252ebc175dd5eeec6f51af6,trojan,6/75,,peexe|overlay,2026-05-21T19:46:22Z
3575caf8bd87912689ebb1d13770990248f93c5d882db8c849bee02cb7c0abad,trojan,27/75,aurastealer,peexe|64bits,2026-05-21T19:46:24Z
272ce6d3d20d84803e0c12c0cb783a4c81acfb5b7edd5e893ad5cd8432375160,,1/75,,javascript,2026-05-21T19:46:26Z
afba7e6349efa06226cfafdd41c57fea67edb980ef600ced9e5acb2c8e8617d6,,0/75,,zip,2026-05-21T19:46:28Z
822b958fff58664b78086383cb7993562e6fe9c18c3a2cf0f7710ba406218041,trojan,18/75,filerepmalware,invalid-signature|detect-debug-environment|overlay|pedll|signed,2026-05-21T19:46:33Z
7b05ee47acf9da56553ab7dabe9f2f252778203fa28221aad5cc7d3ee12929ca,,5/75,,zip,2026-05-21T19:46:35Z
857134369c29f4d0e9893889889bad75a7adde4f07fedc069d666d9347c67f49,trojan,17/75,filerepmalware,pedll|signed|overlay|invalid-signature,2026-05-21T19:46:37Z
3343659226eabae2d46c2f5a8f906e4a3b01dd75a84d362af55063a761ed31d4,,7/75,,zip|contains-pe|detect-debug-environment|long-sleeps,2026-05-21T19:46:39Z
1c5df91145e60b74e60a80970321635b5caf235cd3bf912b46ceb0060a8fbc97,trojan,24/75,python,zip|contains-pe|detect-debug-environment|long-sleeps,2026-05-21T19:46:41Z
61e6a0eb4b1be5470a64595d6a9be2beb478ab7e8413efbb934154f5dc5bf878,trojan,26/75,,64bits|invalid-signature|peexe|spreader|signed|overlay,2026-05-21T19:46:46Z
c90991055abc5848fe35243c614bbd32c310300fc7ecbb615271d2295c9cc8aa,trojan,29/75,actor,executes-dropped-file|spreader|64bits|peexe|overlay|cve-2006-3869|cve-2015-2331|exploit,2026-05-21T19:46:48Z
cd8ec81fd606ec247099b58e845bb5547ee05a46fd46e732b06397587917e842,trojan,34/75,injuke,64bits|overlay|peexe|spreader,2026-05-21T19:46:50Z
4ff549f761c0805e6b2763783f79b878db8925523a4744aa2742aed2ebaa6a09,trojan,24/75,myxgbz,persistence|peexe|executes-dropped-file|64bits,2026-05-21T19:46:53Z
23481b07462a1fc44eacba3b2850ebb2bf611a75652937680a9efc062b2e5047,,2/75,,msi|checks-usb-bus,2026-05-21T19:46:55Z
eb1e050d03b43392fd2cc6d7de9490e013156eef0f3bb5b7a9d0dc00b8a865cd,trojan,27/75,urcbadur,attachment|xls|calls-wmi|exploit|cve-2017-0199,2026-05-21T19:47:01Z
02e9d81d6206892cb902ec54bb70c9bf56df5ddf7b10d4ddaa603ebe5c38b4c4,trojan,40/75,tedy,overlay|peexe|64bits,2026-05-21T19:47:04Z
d0635c745a8db96a55947b9e15e0360cdedfd7a0f2f2a1740d8e6531e753197b,trojan,43/75,tedy,overlay|64bits|peexe,2026-05-21T19:47:06Z
0be0db20716d40b923948b49ba52a4c7f0e60457e7cf220bd1285b9777da330b,trojan,19/75,bash,detect-debug-environment|persistence|shell,2026-05-21T19:47:10Z
572f45705837b3074cd7ff5f723ed8104eb7c23103748de2d5e4c5cbde75b264,trojan,41/75,tedy,64bits|peexe|overlay,2026-05-21T19:47:12Z
86aa02a375e26c8a7ad40b17dc6d8a2b9a8abd0fb06c7e1a31441438518b0e0b,trojan,46/75,tedy,64bits|overlay|peexe,2026-05-21T19:47:14Z
ee8193edfc7e73810d6be950d2552b2501c3a9f75bc8daadbc66f74a25792d37,trojan,43/75,tedy,64bits|overlay|peexe,2026-05-21T19:47:17Z
27782b1397ec3cd3a417b63146e9e5fb8b106c7ba5b904506b08d64c8da5eafe,trojan,43/75,tedy,peexe|64bits|overlay,2026-05-21T19:47:19Z
04f1363af29c4be14249669bd91cee8883bcff8ee9d8cf2b2c6ae8160882019f,trojan,36/75,python,peexe|64bits|overlay,2026-05-21T19:47:21Z
8f8a75a24da016da607d773869bceb3d5c2cfb5e64fe307d340f56d682633ce7,trojan,43/75,tedy,overlay|peexe|64bits,2026-05-21T19:47:23Z
a000c989ffb2aa4f0c4dbd932a1442916016258ca9c416be3398a22ffef35a60,trojan,44/75,msil,assembly|spreader|pedll|detect-debug-environment,2026-05-21T19:47:26Z
93b5993bc05faf77b55e8e9616427074cd31494fb6f0cd4107720081314a21bf,trojan,49/76,msil,pedll|spreader|assembly,2026-05-21T19:47:28Z
50fe1f7e7b3ddf96b32f18815a7ee7e4b579d9d1a094d872d8bfcaefe39bc1c8,trojan,50/76,msil,pedll|detect-debug-environment|idle|assembly|checks-user-input,2026-05-21T19:47:30Z
4a717d046c4bcc541186142b0edf199aff28ce46ce2ddc5b4f2bbc9e28a17532,trojan,45/76,zusy,assembly|spreader|pedll,2026-05-21T19:47:32Z
5c137e2617b663bed838671169fd5b08bb1f70ccd231725aea794e2379b45a67,trojan,33/75,msil,pedll|assembly|spreader|payload,2026-05-21T19:47:34Z
9bb18aa7ef3377783fd0b8f86b164d80824a880cfca2176dc8842bf6229f39b6,trojan,30/75,msil,pedll|assembly,2026-05-21T19:47:36Z
f3378f8d4822c3f8b676c71512008efce737cdf845497856bb7a7445b1e2f5cd,trojan,40/75,msil,payload|pedll|assembly,2026-05-21T19:47:39Z
d4bf851a4af33553c48a7545dffa8a6b76cf7fcae624a0f79a58d599c75edaf5,,6/75,,idle|detect-debug-environment|pedll,2026-05-21T19:47:42Z
81f190a98e9ecaa0ee31c1e7d5b217e324f795d94e4e74db05f879ae3e8c89c2,trojan,42/75,korplug,idle|spreader|pedll,2026-05-21T19:47:44Z
59386bf1258fff2b4ebccdca764aa9c10d50d7df75ecfb5308e4474008bd17d2,trojan,10/75,autoit,pedll|assembly|overlay,2026-05-21T19:47:46Z
8d4504640a1e8caabfe0fea92d62bc197633a67cd541bd0a2cb2cff30d7baef9,trojan,22/75,autoit,assembly|overlay|pedll|idle,2026-05-21T19:47:48Z
875299a5d2dbb0026124592744459dfd22495c383217948a4c743840475e6556,trojan,34/75,genericfca,pedll|detect-debug-environment,2026-05-21T19:47:50Z
ae6bb36316ba20413015d7879e2893a60af275e54dcf8ecc709af58e23f4e79f,trojan,44/75,shellcoderunner,pedll,2026-05-21T19:47:53Z
ed9d14377f89c918d250d5b8324ce85231ae92bc41dec334f6e331cbf50d92c7,trojan,39/75,r002c0dej26,pedll|overlay|corrupt,2026-05-21T19:47:55Z
4923391e869f3c4fc7eaadf223663225896867b64594c3678cffdc6068895e7d,trojan,49/75,hxrz4wp,overlay|pedll,2026-05-21T19:47:57Z
3e4eda0ab80b72e0e6b0b263b6b8c4c4c901865f01c4c0dd2bb7e1ab79032975,trojan,26/75,msil,payload|pedll|assembly,2026-05-21T19:47:59Z
b71f2af8f9e3ed65f4b2cb36ea9794e56b25d55e0a6e0dc73929913c596ffae0,trojan,34/75,msilheracles,payload|assembly|pedll,2026-05-21T19:48:01Z
e522228eb6c61a598be82b36d71b6ce454a6cca1fbe39f2ee9248190e771cc1c,trojan,44/75,zusy,pedll|assembly|spreader|payload,2026-05-21T19:48:04Z
5895e1d4f2543b3d69730458420c4c0e7d3a5c30574f2b07c072b81cc3ece38f,trojan,40/75,druid,idle|pedll|spreader|detect-debug-environment,2026-05-21T19:48:06Z
cc35df80c23120031d360338d3ab93e475a3a93f7730b486fe48fca147fe6e72,trojan,51/75,dllhijack,detect-debug-environment|spreader|pedll|overlay,2026-05-21T19:48:09Z
bd77cbaf8338111058625835db4e90d76aff0005b42f7b206bd89af8a80eec9b,trojan,48/75,druid,spreader|idle|pedll|detect-debug-environment,2026-05-21T19:48:11Z
b7e18d6227ed641061b9e7a24ddfe3002f4c449b6107a5ff8a3976ef4e20c05a,trojan,45/75,posilod,pedll|signed|idle|invalid-signature|overlay,2026-05-21T19:48:13Z
6e2192ef701df7f25d63e3357220f1ae82b6432009ba38812b5c953866667d13,trojan,42/75,dllhijack,pedll|signed|invalid-signature|checks-bios|detect-debug-environment|calls-wmi|overlay,2026-05-21T19:48:15Z
c95a298aab7d7382955b54456e47c09b3820438292429105c7c4f68f39351141,trojan,47/75,genericfca,overlay|detect-debug-environment|signed|pedll|invalid-signature,2026-05-21T19:48:17Z
2f517fede02a000945d2fbc093af35ca944f98de6d74e3fe30502001819f64a0,trojan,48/75,ousaban,payload|pedll,2026-05-21T19:48:20Z
1bd1a24687f3948501f62cb8d45cc612dab4c33dea3ca5e859c0f0f196a445b4,trojan,39/75,msil,assembly|pedll,2026-05-21T19:48:22Z
ba6d68bbb99c6237c983d491abf42245e8a0d7a993ca3d27e59907288fd836c5,trojan,48/75,rshell,malware|pedll|detect-debug-environment,2026-05-21T19:48:24Z
8fcb4d3d4df61719ee3da98241393779290e0efcd88a49e363e2a2dfbc04dae9,trojan,39/75,fast16,detect-debug-environment|pedll,2026-05-21T19:48:27Z
97a2be4870fd61f01fb36d2c9a314ca27648fd516e113daa8e8ee8e066678a46,trojan,49/75,ousaban,idle|pedll,2026-05-21T19:48:29Z
b73b6da7ad4730d624d127266b83a1492e9651251c39d233e3abb88a08733015,trojan,48/75,msil,pedll|assembly,2026-05-21T19:48:31Z
253966fc2db2fa0924fdf413b8d3f071226e1b6604bd4f8e5a2860e579b77481,trojan,43/75,barys,assembly|idle|pedll,2026-05-21T19:48:33Z
2f57ed5ac601eca90491d96e3fa991499a84a7dcb93f10c564790678a3d0a675,trojan,48/75,rozena,pedll|assembly,2026-05-21T19:48:35Z
f5915c6ab771c98cab7773af228d2e8895bb0cb2720dbf2ed22d0ed8c877ae84,trojan,49/75,rozena,pedll|idle|assembly,2026-05-21T19:48:38Z
c9c916b7a88a006bfb5371068842d47416e13ae1d52f7b50d9f776d44b41f6bc,trojan,50/75,msil,idle|pedll|assembly,2026-05-21T19:48:40Z
7ad8c45da6963d0b89ea815be9613e514eb46503a9411bd10aaefea4b4a704f7,trojan,47/75,msil,idle|assembly|pedll,2026-05-21T19:48:42Z
f433774660d6296c130e4259fb57fc55f74ab88758132ed1a3b40fbf30966002,trojan,48/75,msil,pedll|assembly|idle,2026-05-21T19:48:44Z
5515e24b8d303cd91e89722d9d0477cbde0dad2e07e200f16c1118c31fdb58f6,trojan,50/75,msil,pedll|assembly,2026-05-21T19:48:47Z
6b094fd9d3f27d3684bcc69452c96049afadb3eba3292ded7e59fe6f95e6b314,trojan,45/75,rozena,pedll|assembly,2026-05-21T19:48:49Z
f777b0d142040d59d5486613249e26ad0f79988b66d373f3be4cf761a2f30168,trojan,34/75,msil,assembly|pedll,2026-05-21T19:48:51Z
3e8ef24c3a9f6f883acc91499080b2fc68b53004e0ef68aa82f7bbf8cfc4a991,trojan,48/75,rozena,idle|pedll|assembly,2026-05-21T19:48:53Z
5aef7f2cc8dfe7d7fabc6f021c1b0337c5cc562e2703b106facded801beaf31d,trojan,48/75,rozena,idle|pedll|assembly,2026-05-21T19:48:55Z
be827f12486cfa221f1ed0bb34841f1658f084ea431ee3bbb50cee0821fa75cd,trojan,47/75,rozena,assembly|pedll|idle,2026-05-21T19:48:58Z
a03bd542c2b082b094632f90bbfa4d3cf197d402f66fddbe759b067562fb35b5,trojan,46/75,rozena,pedll|assembly,2026-05-21T19:49:00Z
9c87e8162b39fbb773c416006b16f8e34aca53372d1b2d4a584df0ffc69ad333,trojan,21/75,,pedll|assembly,2026-05-21T19:49:02Z
5c6a2c73f59fd8defbf118f87e5c88ba62e3067f8e8c0ed104f3f188fa0d959d,trojan,20/75,,pedll|assembly,2026-05-21T19:49:04Z
dfd21a363f4994794f821d76ca61c834882a51b5c6f7b95627b70789462149e3,trojan,22/75,,pedll|assembly,2026-05-21T19:49:06Z
bc4398448cea0dce1a025b061145801b0ba27f7840f4298748ea9302408024b8,trojan,48/75,msil,pedll|assembly,2026-05-21T19:49:08Z
4f0513852f8c2305c06a91113e5fef54809da4626cc9f1c68fcb01ac27429b00,trojan,48/75,rozena,assembly|pedll,2026-05-21T19:49:11Z
f7821b3e53d829fffbb05a31237e2a8a0b1469d1f39b2141ea7317e925e7a703,trojan,45/75,dacic,pedll|invalid-signature|overlay|signed,2026-05-21T19:49:13Z
4e5d56ee7752035330278b2a38b429c3c7c6f95b7aee892d8ef4030d325cc92f,trojan,48/75,msil,payload|spreader|assembly|pedll,2026-05-21T19:49:15Z
292ea9dbc5a1d15b769edb5df1602418931122455223081064ad7ea4e8ab6821,trojan,35/74,malgent,pedll|assembly,2026-05-21T19:49:18Z
3f8bdb976ddfc6a0a6021482ebec30b3543180f69d6481aff8d4e5ffb87fd8c8,trojan,25/74,,pedll|assembly,2026-05-22T02:36:50Z
93d458ce6ebc98b2884e4a76c026d731a9f793cfcc6d514d4952ad6bf28fe8ac,trojan,43/75,zusy,signed|overlay|pedll|revoked-cert|persistence|spreader,2026-05-22T02:36:53Z
10c69e7f0d2552ac602c9a9617943ccb862f4afc96fc76e5679b306afc671e38,trojan,54/75,zusy,spreader|pedll|detect-debug-environment,2026-05-22T02:36:55Z
22bc84261294f6ff39ce079ac046fbdfc92cb5c4f8d2a4e09903221a04ce85eb,trojan,29/75,,assembly|pedll,2026-05-22T02:36:57Z
af69d38d5b8f5e955d711321b40c699b00eea1bee07fa58a4f44816e5b5faadc,trojan,47/74,msil,assembly|spreader|pedll,2026-05-22T02:36:59Z
53c3e0f8627917e8972a627b9e68adf9c21966428a85cb1c28f47cb21db3c12b,trojan,48/75,msil,assembly|pedll|payload|spreader|obfuscated,2026-05-22T02:37:02Z
ff20d2da3da2db84fe20f162c51f54d53719a31c2a5f91f416641c6f014b1924,trojan,39/74,kepavll,revoked-cert|overlay|pedll|signed,2026-05-22T02:37:04Z
4147788b1da502a44822584fd2807518de229831ba33d086f6fdb35e4792d828,trojan,39/74,msil,idle|assembly|pedll,2026-05-22T02:37:06Z
1ac890ff8a824da863fbf28eb585438fd7654abd2653f8d49537fc27bce78704,trojan,32/75,msil,pedll|assembly,2026-05-22T02:37:08Z
cdff04bb90da3e4d8aa0dee08c59e7d71031dfaf098f4cc85608edbe47e89cd6,trojan,48/75,r002c0xdh26,pedll,2026-05-22T02:37:11Z
9035cfd2ef199dbec556dcefe468f4a901fd4c9c1777febf582b5a140c3113e5,trojan,44/75,r002c0xdf26,pedll,2026-05-22T02:37:13Z
11b94f552d6655a2b013f8efb5375fe7e4a0556e94f2c5ba6c0982656bb69709,trojan,45/74,msil,pedll|assembly,2026-05-22T02:37:15Z
5aaac6ef2921e78d05429a35017b524ef65596d66c4eceb7c81e2b93e75a8e6c,trojan,42/74,rozena,assembly|pedll,2026-05-22T02:37:17Z
0174c85be5f92b840d498119815092d7875fdaf7085121333807e3c5cc2bfbf1,trojan,48/74,msil,pedll|payload|assembly,2026-05-22T02:37:19Z
3412fe1fa2cf8c2ec7e13b036cc490ab6200d57efc69b149b6cfd46f8ca8c5d0,trojan,37/70,msil,assembly|pedll,2026-05-22T02:37:22Z
060bbc3a3b4d00b12d8b3ca7d9ed15b3b6a0b4bdd92791d05428d0eb3c127f83,trojan,54/74,ousaban,corrupt|spreader|themida|pedll,2026-05-22T02:37:24Z
3a3511aa0c7e42daa2b6467bdd6fd2006605c6a72667300ee3740df930be51d2,adware,30/75,msilheracles,pedll|overlay|signed|detect-debug-environment|checks-user-input|idle|assembly,2026-05-22T02:37:26Z
970ef103f16fe671dfc71164b3911289d748710e438c647a2fb9112d2f3922ea,trojan,46/74,msil,pedll|assembly,2026-05-22T02:37:28Z
c96338533d0ab4de8201ce1f793e9ea18d30c6179daf1e312e0f01aff8f50415,trojan,52/75,korplug,pedll|idle|spreader,2026-05-22T02:37:31Z
ae8d2cef8eac099f892e37cc50825d329459baa9625b71fb6f4b7e8f33c6ccce,trojan,48/75,korplug,pedll|spreader,2026-05-22T02:37:33Z
0d399c4818db396b7b05a90f80362b9bb0c7479db26605b1b0308513615eec46,trojan,32/75,ghost,pedll|assembly,2026-05-22T02:37:35Z
ccc65c122f832c8a20c447c04452cbb8285da642e944d4b0cca96f739dcbe50f,trojan,35/75,yomal,payload|pedll|assembly,2026-05-22T02:37:37Z
ee66b4aee73634ea0ccb47755bbdab86acb77db866335a30126505c9e820af5c,trojan,33/74,infatica,payload|pedll|overlay,2026-05-22T02:37:40Z
0748253bb84d8fd3277d926bee9aae97560c37921ccb3d1dbf3199fae3e62a20,trojan,44/75,msil,pedll|assembly|payload,2026-05-22T02:37:42Z
94f02f4c2af27b6b131208ac26b9647a0df303c134eafa6d6dd7c499567f3116,trojan,44/74,rugmi,overlay|pedll|invalid-signature|detect-debug-environment|signed|corrupt,2026-05-22T02:37:44Z
a4f4382f361ea243b90e22e62036afbc81324fde48b33f9c8483ccc0f783de82,trojan,22/74,egairtigado,themida|pedll|detect-debug-environment,2026-05-22T02:37:47Z
6450be29aa887d5e3aa882df387d5896bec18b85b6b1338b1b9d82a1a51d5303,trojan,42/74,loader,spreader|overlay|pedll|detect-debug-environment,2026-05-22T02:37:50Z
4e08a1525a62a387595a2e4942b56ec3f3b3259996115ea2e6ea3638ccb87705,trojan,47/75,casbaneiro,calls-wmi|payload|pedll|detect-debug-environment,2026-05-22T02:37:52Z
1693448804bf1c90ad7317af250bcd6ea021256e33e983b224aea81d4ecc2e20,trojan,49/75,casbaneiro,payload|detect-debug-environment|calls-wmi|pedll,2026-05-22T02:37:54Z
59079dbdfb0346deae4efc361d78844141bf77d916adec96b23d8061e20e123c,trojan,53/76,msil,spreader|pedll|assembly,2026-05-22T02:37:56Z
d2d4f3c29e7b3d82747203bf108828714613c8762efb9150b8bd13b4b16d560a,trojan,39/75,zusy,overlay|pedll|signed|invalid-signature|spreader,2026-05-22T02:37:59Z
6533f1457eedc39476100bdbb90be854461560b22e6ea99317e053eed9dd326b,trojan,36/75,msil,assembly|pedll,2026-05-22T02:38:01Z
07cd03e2082bcb0b890cc59ce4c770d1a095ac6f1ae9cf999f5542555c56f841,trojan,47/76,msil,assembly|payload|pedll,2026-05-22T02:38:03Z
d5487f85460486ebc0b5e31cbcd6b88ac7db069a09b51595a95d74f80776ba64,trojan,47/76,msil,assembly|pedll|payload|spreader,2026-05-22T02:38:05Z
390806eadfb9c5d57aa3e5d7db949be33d87b00778db029c7d27c202fa550bb4,trojan,41/75,usblcg26,detect-debug-environment|long-sleeps|pedll,2026-05-22T02:38:07Z
a12a1b3fd111b6ad03f830176b8742c7aead54a2a137d7944c2b067c04196cf5,trojan,48/75,msil,pedll|assembly|spreader,2026-05-22T02:38:10Z
3cbdfbcb6ecb5bc2bdf5b8f1ce8c18b8f67c19ccfceb6cc21fb006f3916d4d61,trojan,48/75,msil,pedll|spreader|assembly,2026-05-22T02:38:12Z
c7aa94a5b60a7ebcb1efcd3649e93fcdd9c9cc7555b217af26055ad37dadad1d,trojan,42/75,loader,pedll|payload|detect-debug-environment,2026-05-22T02:38:15Z
c23947d93c6add656e128bae1bb828eacbc622c27b080202a98c8ce1664293e9,trojan,41/75,loader,overlay|invalid-signature|detect-debug-environment|pedll|signed,2026-05-22T02:38:17Z
5545062a887b83075d0dced66c75cc3beaf0268f68295f8a442565e2f5f8d3ea,trojan,39/76,loader,detect-debug-environment|invalid-signature|pedll|overlay|signed,2026-05-22T02:38:19Z
3c461d43492cb5c5b720ccc6e1e1c17397c74433b558b2dac19774805f92b7fc,trojan,36/75,loader,detect-debug-environment|signed|overlay|invalid-signature|pedll,2026-05-22T02:38:21Z
b9abdf181a8746c43cd3665ce5c45ff33ddb8916b400454a26b2cb3e346bc194,trojan,40/75,cassandra,spreader|idle|pedll|payload|assembly,2026-05-22T02:38:23Z
3d50311657f285410f8828a47571d97265b8e2f1067187b0c79a7f2c0766d217,trojan,53/76,msil,spreader|assembly|pedll,2026-05-22T02:38:26Z
8e9a315d42bbaed959f67c5457b11a4866a10b41663859bf868b17de1b6713a1,,1/75,,pedll|detect-debug-environment|payload,2026-05-22T02:38:28Z
37e5f03feec4e01dda142afcafdaacc137cdfec4f895e80307785b9620caa25c,trojan,34/71,onlinegames,pedll|overlay,2026-05-22T02:38:30Z
67d46c79cdd741bdff0446b1674035589023f82e1cbd6bb1666521ab1bd8b0cd,trojan,2/74,,detect-debug-environment|pedll|upx,2026-05-22T02:38:32Z
698e1490e1d87b9ddd4136bae196709174ec8b9513f254bb42af45f640566291,trojan,12/76,,idle|assembly|pedll,2026-05-22T02:38:34Z
b40f5ba66686797e3bb726660c4cb9a8e063d403b80e0e7449772a446427e106,trojan,46/75,midie,pedll|payload,2026-05-22T02:38:37Z
da358ee183526c39b4f3d2172b7f21819d815f516c44a6c5c5a398ffe398f5da,trojan,37/76,msilheracles,payload|assembly|pedll|idle,2026-05-22T02:38:39Z
57105a90e5e31454a355fb7d97d800f3645b151fe4ae207f76485f1105b9c18f,adware,36/76,badinterop,assembly|pedll,2026-05-22T02:38:41Z
fbf4fe062779de9044679f800b98930b9c3642f242a00458951ccabd4cf3e347,trojan,32/75,msil,pedll|assembly|idle,2026-05-22T02:38:43Z
5d19ae63e0e62828f57e197b327fbb71d5827bce0557dee7ef1b1aa31df700bc,trojan,30/75,,pedll,2026-05-22T02:38:46Z
7381168897d8d09b8570c8cd2efbf7f4209d1bfd4935360d6deecf77b562a7fa,trojan,34/75,convagent,pedll|assembly,2026-05-22T02:38:48Z
a9c7e502c49b3fe1d23e124f15ffbd7a42e9646ba46ae00669db60ff7d46a6e0,adware,33/76,badinterop,assembly|pedll,2026-05-22T02:38:50Z
2ad8bf48eb721677daab7141a7bd87292d4b3f0ffba5c3fe3fcfe0641a4ae10d,adware,30/76,badinterop,assembly|pedll,2026-05-22T02:38:52Z
44f19dbf1059e3a5f5e424ce28695d3eaa7dbe6a7ec9c9855486714dea80f53a,trojan,33/75,convagent,pedll|assembly,2026-05-22T02:38:54Z
4a4db2eb2b015025be9ca2ca26433cb2f6fb40eea69bf9035e3668fdfdf4ea25,adware,35/76,badinterop,assembly|pedll,2026-05-22T02:38:57Z
e36a7b5141a3a8eabd6fac3e22112f508b76dfeeb95e12dd6442de3685bab4f8,trojan,32/75,convagent,pedll|assembly,2026-05-22T02:38:59Z
247e00a6962c83384d2a96bb08b10393ecbc73ef0477de80dc5f940fc1a384e6,trojan,37/75,shellcoderunner,overlay|revoked-cert|signed|pedll,2026-05-22T02:39:01Z
240068f98bd3e3213351ebdac3a0e9657f9a17506e43425ea3ed19f14e17cf21,trojan,50/75,msil,spreader|pedll|obfuscated|assembly|payload,2026-05-22T02:39:03Z
193107a516095867fe2bdd8fc7a7d826e9e6b6831b8f4ecff63336cf8fbf58df,,5/75,,pedll,2026-05-22T02:39:05Z
cd4807739ed630631defac9dc0e517ba94c88977dac9692d797477d32e99c15a,,0/75,,pedll|detect-debug-environment,2026-05-22T02:39:08Z
d03def68752c121c8091459f3010a5efdb3d86dd83965037fbb1eff7203bafc4,,0/75,,pedll|detect-debug-environment,2026-05-22T02:39:10Z
e56f39d14f0f68ddebbfa81d0ee8b579918ef2bae12ae916c373a5ab27485797,trojan,25/75,rugmi,detect-debug-environment|pedll|payload,2026-05-22T02:39:12Z
f83c9d6e5c74b428db207ecf02eb277858114ff6fb9ce7d91610dba453bd58a4,trojan,46/75,dllhijack,pedll|detect-debug-environment,2026-05-22T02:39:14Z
ee8cfbf7477be7195ab9304ccc1f8a01485069894e8ec7cdd56d92181cdded16,trojan,24/76,rugmi,detect-debug-environment|payload|pedll,2026-05-22T02:39:16Z
8ba43da7360dcfcc885b15057e33815aeea69b67a7688644c29cb378fca834e8,trojan,47/76,loader,payload|pedll,2026-05-22T02:39:18Z
7f83f52160ae35e756fdb161b4eb88378455d467141e2578258823a6df299853,trojan,48/76,rugmi,spreader|pedll|payload,2026-05-22T02:39:21Z
0a68116d9808245af393fb2a02ecbcfd671af814e308a7ff83f8ab1a90cff848,trojan,22/76,hijackloader,pedll|detect-debug-environment,2026-05-22T02:39:23Z
73c733f4e60a06f18635c259f067d9aff438ee177dc487b7dab884647c6f0dc9,trojan,40/76,,pedll|detect-debug-environment,2026-05-22T02:39:26Z
02197537fb6fae29232ead1da76e794c6e0397f99a7467a494abc6ea72903157,trojan,9/76,,pedll|payload,2026-05-22T02:39:28Z
7a962ca892378d8ec7c497954185aa757bb03ab268664a750c3499a8614beb43,trojan,40/75,hack,pedll|overlay|assembly,2026-05-22T02:39:30Z
93439fe9b45d7b6e9fcdc5e68fd47677ea17025e4eabb6f1468cb9ae98ee8a5b,trojan,51/75,shellcoderunner,pedll|checks-user-input|detect-debug-environment,2026-05-22T02:39:32Z
4f97dddb3e251daf265c2bcef6ecad5f1b80548ef0b5e646379bd32030c801d5,trojan,26/76,stealer,overlay|pedll|signed|revoked-cert,2026-05-22T02:39:35Z
f9c363b18d3d38757f4b45353c3576001af5e0a2cd5bd4e778dc524463f8dc3e,trojan,47/75,strab,pedll|detect-debug-environment|signed|overlay|revoked-cert,2026-05-22T02:39:37Z
79cd21185c51a5bfe2cfebdc51e14b258d91549fc0e4e09b6939c2a8a1c5ac19,trojan,44/75,stealer,pedll|overlay,2026-05-22T02:39:39Z
1782f3db2231d7b7ab877c21fc550b44469e22126b17117e188d3317eed7d5ef,trojan,41/75,cryp,checks-user-input|spreader|pedll,2026-05-22T02:39:41Z
8166a1653ba8463930ce5649e8daf25c40f992e45b56e3e4c9aadc84ae043a6a,trojan,46/75,amatera,spreader|invalid-signature|signed|checks-user-input|overlay|pedll,2026-05-22T02:39:43Z
05cf4074761f8d60963bceb9533ba4c168586d861caf8decacf0fe92f8ac292b,trojan,43/75,loader,invalid-signature|pedll|signed|detect-debug-environment|overlay,2026-05-22T02:39:45Z
c84f011369999892bf0674cb47482a2d85646870599c8174202a852895ec366e,trojan,42/75,lazy,malware|pedll|executes-dropped-file,2026-05-22T02:39:48Z
13f44eb1dc841faaabfed4a84a7f327689b42c03209a465db5bb0a8a86fe2a9b,trojan,47/75,rugmi,signed|corrupt|idle|overlay|invalid-signature|pedll,2026-05-22T02:39:50Z
4b62cbdbfe44401685ac3db7d9e6b41b1e41dbd07f8435d6535a3bef36cefd16,trojan,46/75,msil,assembly|spreader|pedll,2026-05-22T02:39:53Z
9005deed14fb0fa861a3ae3cc1d23f35131a6f809d18640f21a64097f178697a,trojan,47/74,msil,payload|assembly|pedll,2026-05-22T02:39:55Z
3e283ed7c49c4e18c5cae999770030bb5a0c67a16eea1b88bfb5192f5a9218b1,trojan,48/76,injectornett,overlay|detect-debug-environment|persistence|pedll|long-sleeps,2026-05-22T02:39:57Z
3f545682955d876b5a5ed6ef9e2b5ebd0eba3573a5bed86928eba8ec1c1f26e1,,4/76,,overlay|pedll|detect-debug-environment|payload,2026-05-22T02:40:00Z
d6b8ef0b2ef52bc8eafcdb5e76e3789b56dc6605422443905dc619b25abca805,trojan,36/75,crack,pedll|detect-debug-environment|checks-user-input,2026-05-22T02:40:02Z
70c93d4a95eccb5822334fac8eb8fec51e43ed2477893dee9e033f4adbb14ef3,,2/75,,signed|invalid-signature|pedll|upx|overlay,2026-05-22T02:40:04Z
5f2b3b99ca033c87072b4fe4575a099a80090f9e61820d0b481e4651a68375dd,trojan,39/76,msil,pedll|payload|assembly,2026-05-22T02:40:06Z
18fdd53c991d33a9b834c90b914875c92f398e5fba4b949065c64ab9b2912a9a,trojan,47/76,msil,pedll|assembly|payload,2026-05-22T02:40:08Z
aa7e98271661370d06d8699ac549fe332409a8b27c62d796d1239b52fbed94e1,trojan,51/76,msil,pedll|payload|assembly,2026-05-22T02:40:11Z
4d9bdbe4fdb8925dc02baf7f7ce8d0373971a82e34cbdc9cee3fc9afeb19efef,trojan,45/75,loader,detect-debug-environment|spreader|pedll,2026-05-22T02:40:13Z
9b4cd87d338d2fcf30d75f9e5c7abb8be085dc8c4f573df19597b872d8ae8c2d,trojan,44/74,resocks,idle|detect-debug-environment|pedll,2026-05-22T02:40:15Z
d587959841a763669279ad831b8f0379f6a7b037dffc19deab5d41f37f8b5ffc,trojan,49/75,doina,spreader|pedll,2026-05-22T02:40:17Z
0d0ca60de1f5d8df133af2387d3d503ecfdad02fc2daf1ad5ceb3d1124d24336,trojan,41/76,msil,assembly|payload|pedll|spreader,2026-05-22T02:40:19Z
1cf18efac5c0fddc935dc7e588309c7d7fe4ca719dac9334420afc9ac8b45d4d,trojan,46/76,msil,assembly|pedll|spreader|obfuscated,2026-05-22T02:40:21Z
e09e5fe705f2a31274e997ce0649f2c1818d7040828644e597b925b2e2033628,trojan,42/75,msil,pedll|spreader|assembly,2026-05-22T02:40:24Z
a8142d74377f050feb6bdecebe1eca40413a62df69a9967d3f270e2567eea304,trojan,41/75,bert,spreader|pedll|signed|overlay|invalid-signature|detect-debug-environment,2026-05-22T02:40:26Z
35355ac21f1baed0dac02a947f37c972859afaa02045c385683dbd74f991c1bc,trojan,48/75,agentb,detect-debug-environment|overlay|invalid-signature|spreader|signed|pedll,2026-05-22T02:40:28Z
74e0ebf45a7af07a90c98f820f69388d91ab9ecc7ea8d7f9c4aaf0b2e33db424,trojan,44/76,msil,spreader|pedll|assembly,2026-05-22T02:40:31Z
388a0ed49bfce21840862df32c7ad0d7f5468b6a8d2152ac0c430271a7b7343d,trojan,59/75,farfli,pedll|detect-debug-environment|overlay|spreader,2026-05-22T02:40:33Z
8677376173ccdd87787cffffb6290c2c623d1c2ad82b15e31a9a2bab9c03b383,trojan,40/76,deceptor,pedll|overlay|detect-debug-environment|idle,2026-05-22T02:40:35Z
adc2f550e7ff2b707a070ffaa50fc367af6a01c037f1f5b347c444cca3c9a650,trojan,47/76,msil,pedll|payload|assembly,2026-05-22T02:40:37Z
28b0d22ab17de726967a08c4d1896e61b0a2127f1454f11fa12a87af7ef9c791,trojan,41/74,kepavll,themida|detect-debug-environment|pedll,2026-05-22T02:40:39Z
b6cdbfac05e2e65513c7c2eae88ac9594c84fae7ee3691f81579ddaea6c6f95b,trojan,44/75,fsysna,spreader|pedll,2026-05-22T02:40:42Z
b3a91d26480efc16a0f6fd30e2077b72da65bbb1c07f35abba526983c781ad51,trojan,44/72,rozena,pedll|assembly|overlay,2026-05-22T02:40:44Z
3ee58d03bd0ac26502ff11c7160cd45fbd99cca2ea3ee847f0b3b616c98bc738,trojan,52/76,msil,pedll|assembly|spreader|payload,2026-05-22T02:40:46Z
dab744a533bcbc4a2d3f19a54694ceb00587a0ce68d046ca9085d5013321ea5a,trojan,37/76,rugmi,checks-user-input|pedll|detect-debug-environment|overlay|invalid-signature|signed,2026-05-22T02:40:48Z
1b5870e925fb5c43b49f24f2a174da1359ce753bd888277746f62a132749fc55,trojan,43/75,rugmi,pedll|checks-user-input|detect-debug-environment,2026-05-22T02:40:50Z
622706fa8bc0dfd26ea5b9b95072ae524387e351bf24aec1987c466dea5e1877,trojan,26/76,fragtor,revoked-cert|detect-debug-environment|overlay|signed|pedll,2026-05-22T02:40:53Z
8552b721a17bd4c9765bb5f2f1a5d59c26b899417b36693fdf9532bfd6d25e47,trojan,32/76,mekotio,pedll|detect-debug-environment|overlay|revoked-cert|signed,2026-05-22T02:40:55Z
778b5a936b1b35c70f652594ac06e44cbeb340adccb60db13f6f8e78c4eb1293,trojan,34/76,mekotio,detect-debug-environment|overlay|signed|revoked-cert|pedll,2026-05-22T02:40:57Z
936f904acf29319762d894bd8e81cf95a2a7e556cb539e842904771e8a02d21c,trojan,47/74,zusy,spreader|pedll,2026-05-22T02:40:59Z
7156c187c58f9b6e070be3ebec5c3b7f97d015acc3d452259bc5c6967185b1da,trojan,4/76,,pedll|overlay|revoked-cert|signed|detect-debug-environment,2026-05-22T02:41:02Z
d8115cd606a9733ec467cb5168328711fb5c78e8a81e64c3cf01a80532396ee9,trojan,10/76,,pedll|signed|revoked-cert|detect-debug-environment|overlay,2026-05-22T02:41:04Z
b8fed680849ce06a16155dc587a83bbcea0c5a1e7ff8536ad408d962d3d35765,trojan,34/75,tedy,overlay|peexe|64bits,2026-05-22T08:51:47Z
3544ffefb2a38bf4faf6181aa4374f4c186d3c2a7b9b059244b65dce8d5688d9,trojan,36/75,wirevpn,pedll|idle|revoked-cert|overlay|signed|detect-debug-environment,2026-05-22T08:51:49Z
13cf91bd40581b679efc85d109b1017772c5738bf8e342f54b31bd3466376a01,,2/76,,corrupt|overlay|pedll,2026-05-22T08:51:52Z
0bfcc531bc9e3297f64be41186c556f1c05d3e8172f91d2f4a243b6bf37aa021,trojan,45/76,pdfsider,detect-debug-environment|pedll|overlay,2026-05-22T08:51:54Z
7092bd7c117606213d55bdef62d58300244450f000e92e02e8ec5dc8f1c0ad21,trojan,30/76,msil,payload|pedll|assembly,2026-05-22T08:51:56Z
70446722fe0a6c57049818ffdd677342bf3e2df3135c2d62c5f87a165ab4e8bc,trojan,25/76,msil,pedll|idle|assembly|payload,2026-05-22T08:51:59Z
e5ea80bff7806252bd1be1e8f434b6058f2ccb8556961eaf19e16e3311202c3e,trojan,52/76,msil,assembly|pedll|payload,2026-05-22T08:52:01Z
189ffbb2ea36c28f35f4cbbeedf14f7deb63b1b2b4d5313bf641ca343e8f8837,trojan,39/76,msil,payload|assembly|spreader|pedll,2026-05-22T08:52:03Z
1e1168b2c281f1adaf2e2919e4872ceb4dd6918c9658b27278b85fcd44b4c256,trojan,50/75,msil,payload|assembly|pedll,2026-05-22T08:52:05Z
9b8442f1f57779344f392d1360878a3fb9676697ed447c9004ea21ebad3e03ed,trojan,32/76,keylogger,checks-user-input|payload|assembly|pedll,2026-05-22T08:52:07Z
ff051dde71487ea459899920ef7014dad8eee4df308eb360555f3e22232c9367,trojan,36/75,desckvb,pedll|assembly|payload,2026-05-22T08:52:10Z
a675f5a396de1fa732a9d83993884b397f02921bbcf34346fbed32c8f4053064,trojan,52/75,msil,spreader|assembly|payload|pedll,2026-05-22T08:52:12Z
36b2366b6f498cb36327c001f0ce3fd4d43de45464d6da57901e9e977798b9a7,trojan,38/76,loader,detect-debug-environment|signed|overlay|pedll|invalid-signature,2026-05-22T08:52:14Z
d3ad1e1d4d66deacf0563bc48d85d0e792ba586b87b551a6bc25e54b4776f25a,trojan,38/76,filerepmalware,overlay|pedll|signed|detect-debug-environment|invalid-signature,2026-05-22T08:52:16Z
f38224bca1df533c4669b3c0e696374e85aceb5a64fec140987006f1aaef9566,trojan,26/76,loader,overlay|pedll|invalid-signature|signed|detect-debug-environment,2026-05-22T08:52:19Z
9cdac3691609d9d9903ce4c54c849779de728c3fadf383789e38b86a2b4b3aff,trojan,37/76,loader,checks-bios|overlay|invalid-signature|signed|pedll|detect-debug-environment|calls-wmi,2026-05-22T08:52:21Z
1c2fe37aeb01296746d7b14f041caaf73ff282b3c973683fc74d0ae6ee23e368,trojan,47/76,dllhijack,pedll,2026-05-22T08:52:23Z
ecb47aceb80a05178d89bc01ba1923c52d4b6e67d37f2a13fc7be299cd05aa2a,trojan,48/76,dllhijack,pedll|signed|invalid-signature|overlay,2026-05-22T08:52:26Z
aacdd19d721e16c2893086ef1ed57d74d2366f6e5844cbb7ccfc81dea96da1a9,trojan,44/76,msil,pedll|payload|assembly,2026-05-22T08:52:28Z
1cce7eeea2db0cbb73498520f520175b30b69a1e49b5595aa791a1ecaffe92c9,trojan,42/71,startpage,pedll|payload,2026-05-22T08:52:30Z
3f2bad9ecf216a36a6ef50b12202de1007071ee43b660dbdac8a8937dff9e91e,adware,23/75,,checks-user-input|upx|idle|pedll,2026-05-22T08:52:32Z
3bdc4c0637591533f1d4198a72a33426c01f69bd2e15ceee547866f65e26b7ad,trojan,24/75,chrysalis,spreader|detect-debug-environment|pedll,2026-05-22T08:52:34Z
66eee289821be4e20257d8f339e2291166719b5066f4cfabec838e77db7684fc,trojan,49/76,ousaban,pedll|overlay,2026-05-22T08:52:37Z
1cb212268170094dbb12147fa55a9c9688dd123046812e7f0182e072762ea400,trojan,30/74,vmprotbad,pedll|checks-user-input,2026-05-22T08:52:40Z
c1b6222ac56428f20da72236d9a7d62cf7424c8e93335e995e5600bf412e90d2,trojan,45/76,msil,pedll|assembly,2026-05-22T08:52:42Z
0ab39ca995426be4df7bbfa3aaeb514c769f772b6cf9097a01d40fa1bed3bfcf,trojan,53/76,msil,spreader|overlay|assembly|pedll,2026-05-22T08:52:44Z
a7a27ee417c3c508edfa039f6d4b27eaaca31b29e78fc5e87bb9ac88d8d846b9,trojan,48/75,msil,pedll|payload|assembly|spreader|idle,2026-05-22T08:52:46Z
91cccaa8f1a6351106d1c0f180ba886ee73bffdd03986ffe959830849b76a8b5,trojan,51/76,generickdq,pedll|detect-debug-environment|idle|corrupt|themida,2026-05-22T08:52:48Z
719a726d54161a1a95cf69f3001b74fe15661b83d995b89bcca5ecc8e792e2eb,trojan,47/76,rugmi,detect-debug-environment|pedll|overlay|signed|invalid-signature,2026-05-22T08:52:51Z
46a259062f364437256b0157946c8fb1f3a215f707454ec75e2351caf9837fdc,trojan,51/76,rozena,assembly|pedll,2026-05-22T08:52:53Z
4140d26ecad2fd8a3ea326ee49f5dd8bda3696e0d1ae6e756db6d61d70bf3af4,trojan,47/75,msil,spreader|pedll|assembly|payload,2026-05-22T08:52:55Z
44ddb05bc5c8defd39718ef2e51550c4a7757af242686831587311535c4f4b81,trojan,53/76,ousaban,detect-debug-environment|pedll|checks-cpu-name,2026-05-22T08:52:57Z
8e95828610c4cdaa5a6bd9fdff475a5e6bef2c97c5c8ab86f56115e8f2c56035,trojan,48/75,msil,assembly|pedll,2026-05-22T08:53:00Z
c66eb1b2afd0c196a0ea89d5f90c1ea36e349e825cc5fd8df6efae766da86c24,trojan,43/75,msil,pedll|payload|assembly,2026-05-22T08:53:02Z
03c2632bc7ae92e409c063e4f260b1a7199ff6cdd7ba0b0455fd1947afe79b99,trojan,48/76,shellcoderunner,pedll|detect-debug-environment|checks-user-input,2026-05-22T08:53:04Z
dd27382fc1aedce2b5d23dcfe34aceada584282687e380f773398b07ab7461c2,trojan,43/76,dllhijack,pedll|spreader,2026-05-22T08:53:06Z
97c8eacad78f5b1ebfe35b65b8ff7432f8142b3bab4b8325d2cd8cc5b1302b43,trojan,42/75,dllhijack,pedll|signed|invalid-signature|detect-debug-environment|overlay,2026-05-22T08:53:09Z
e0d6d7869a834294fb21ad3e0f8348733dd28168193b5e4c90ccd8fa1f8018ff,trojan,33/74,fragtor,pedll|overlay|detect-debug-environment,2026-05-22T08:53:11Z
779e8f938001647a67b427faae0182dbe4fd2cf8fbfd761e007b42f4b7340311,trojan,54/76,shellcoderunner,pedll|overlay|spreader|detect-debug-environment,2026-05-22T08:53:13Z
b998616f30ec6ddf71968f951329279f0a9113f1714fd096bd5d08f3e1cc6d1b,trojan,31/76,zusy,signed|pedll|overlay|revoked-cert|spreader|detect-debug-environment,2026-05-22T08:53:15Z
656a1019cd6c8301bd1aa4dcf1921ed3c6876b237e4b0b28301cdf51c4a02176,trojan,12/76,,detect-debug-environment|pedll|payload,2026-05-22T08:53:18Z
4933be97765e66ecc05ad51a99f81b2c0170b9ec4a67930f8b8d058cf6dfa9e8,trojan,43/76,rugmi,detect-debug-environment|overlay|pedll|invalid-signature|signed|idle,2026-05-22T08:53:20Z
bb60d9a5b5a493cf44b8005b9b5c7e83b125bf1a978290e093c47fc134c59275,trojan,26/75,rugmi,payload|pedll,2026-05-22T08:53:22Z
aac94c42b3f06c578e4a0ab71880e242f0b74e6f403d6938966b785e3cfd7b57,trojan,52/76,etset,spreader|detect-debug-environment|pedll,2026-05-22T08:53:24Z
e0e908a62601140123531aca205c1d54e6a7ec851f09d49b1ddcbf1c6038ebda,trojan,9/75,,assembly|pedll,2026-05-22T08:53:27Z
4983daef89e919dcbbee33f3390d306725962d1990f9a13c98c3c8cbcc63327e,trojan,8/75,,assembly|pedll,2026-05-22T08:53:29Z
9e5617e883eebde1fccfe18e79a4c1e5c8aae04933e1578a9cd2ae15faa48b98,trojan,47/75,grandoreiro,detect-debug-environment|pedll,2026-05-22T08:53:31Z
37f266aef2c00e5c69e315425aaa61ef93531baeacb7b8884627f8a0547ee724,trojan,38/75,mikey,overlay|invalid-signature|spreader|pedll|signed,2026-05-22T08:53:33Z
811d1d9cba14e96d732945b0ccefed770f8f330427708306a3b6f8b6dd284e6a,trojan,49/75,lazy,idle|signed|pedll|overlay|invalid-signature|detect-debug-environment,2026-05-22T08:53:36Z
fa388a6cdd28ad5dd83acd674483828251f21cbefaa801e839ba39af24a6ac19,trojan,46/75,midie,persistence|detect-debug-environment|pedll,2026-05-22T08:53:38Z
33d0c63777882c9ec514be062612a56fdb1f291fcb6676c49480d3cd4501c508,trojan,43/75,rugmi,idle|pedll|detect-debug-environment,2026-05-22T08:53:40Z
dece1423c08ab0f3ce07e0358b424f41891977842bba20807564c00e8a783c75,trojan,31/75,rugmi,detect-debug-environment|pedll,2026-05-22T08:53:42Z
72d494f6c9a48cfaf5a6fcceb97b98cb83c38a73235d7b87eb84d2c4e9e0df4b,trojan,29/75,,assembly|pedll,2026-05-22T08:53:45Z
33a93654ccb312c1705cd46702fee1ed3664964b1a1ae9da0fb18c9ef1066095,trojan,36/76,rugmi,pedll|detect-debug-environment|invalid-signature|overlay|signed,2026-05-22T08:53:47Z
5a5d6c685b773df74deb9d8ddb9842c1c5249016d1260cd179284c4998752ca7,trojan,34/76,rugmi,detect-debug-environment|pedll,2026-05-22T08:53:49Z
f07c7d12459cb63d6661dd6a0b61946484aa5ca53bf5f77454fbb9f9ea2010eb,trojan,42/75,elizarat,detect-debug-environment|assembly|pedll,2026-05-22T08:53:52Z
9a037129dd9fd9f2f776c7d996b82dac76042ae0f69c765522ff2f0904d726da,trojan,43/76,yephiler,pedll|spreader,2026-05-22T08:53:54Z
5403ddd6bcf740df0500709101ec06f8af432724c0d7bb49e0bd3119fa29d644,trojan,27/76,msilheracles,assembly|pedll,2026-05-22T08:53:56Z
628b3d1725dd4d33e8e2a4052a3f91603088198c8629d6aa386a868977c49879,,0/75,,detect-debug-environment|pedll|overlay|signed,2026-05-22T08:53:58Z
d4d5dce732ebc943020341d9e820191907f61e76a997ba5c9304d0b826586017,trojan,37/75,gencbl,idle|pedll|invalid-signature|detect-debug-environment|signed|overlay,2026-05-22T08:54:01Z
291a7160039d1ea70a0bdaaeaf0d9c385c16befb713aef92310c59ba285a3a68,trojan,54/75,ousaban,pedll|detect-debug-environment|checks-user-input|persistence,2026-05-22T08:54:03Z
b5909dd04168917ce762be6216786fb318163eec263105da169c1426edb9061d,trojan,41/76,ousaban,pedll,2026-05-22T08:54:05Z
d81aa7cb3b731e2a2fac394af59ec247d5bc4611c813b6dcabc5f560646d3dd0,trojan,51/74,ousaban,pedll|detect-debug-environment,2026-05-22T08:54:07Z
f9515742bcd5aae2254d273eca2d0350be7df297f4e4ff2626156ba00346dd21,trojan,49/75,barys,enigma|pedll,2026-05-22T08:54:10Z
8b2227aade3cdcaff86f199e7592426a31931cc8a9fa43990a7b449756942757,trojan,43/76,tedy,checks-user-input|pedll|spreader,2026-05-22T08:54:12Z
a7dbe88b8cfaecefce57f5856be7f9a2100841bba3ddb164f80dec1065a37fd5,trojan,48/75,msil,pedll|assembly,2026-05-22T08:54:14Z
75b97aca4cab0539f0bf28581736ee4e19bd0acf77fcf2fad77e625b3ce99a60,trojan,40/75,jaik,signed|revoked-cert|long-sleeps|pedll|detect-debug-environment|overlay|checks-disk-space|persistence,2026-05-22T08:54:16Z
2f0a86b63e0c3cbdcaef5e13e70569a8225467343866a05cb8caa81c6244118e,trojan,43/75,jaik,checks-disk-space|detect-debug-environment|long-sleeps|overlay|signed|revoked-cert|persistence|pedll,2026-05-22T08:54:19Z
21363ec0ba00ab823489e791656d52fdcb8e3ae560b02d93fe05925a1ed65924,trojan,38/74,fragtor,checks-disk-space|pedll|overlay|long-sleeps|detect-debug-environment|persistence|spreader,2026-05-22T08:54:21Z
d93e1c23d95446071c7347d17e7125155486f3d2b01fb7265a4d2453e409ea18,trojan,49/74,frostyneighbor,obfuscated|long-sleeps|pedll|detect-debug-environment|persistence|calls-wmi|assembly,2026-05-22T08:54:23Z
4ac1171fd831ad419d986a000ee514081ebc13e2a96fd49e9159f05b971e15d7,trojan,34/75,badinterop,assembly|pedll,2026-05-22T08:54:26Z
3dfa22389fe1a2e4628c2951f1756005a0b9effdab8de3b0f6bb36b764e2b84a,trojan,40/76,msil,pedll|assembly|spreader|idle,2026-05-22T08:54:28Z
dcb76c24685fd31d5ac64851fe8e3b41a4462d882eda656fbc7faac89a763f8f,trojan,36/76,jaik,revoked-cert|signed|long-sleeps|detect-debug-environment|persistence|spreader|checks-disk-space|overlay|pedll,2026-05-22T08:54:30Z
ec355f76ff1e54054f660e86853bfed9f825f2aa21ae85831eb2d3e6930fec25,trojan,33/75,filerepmalware,overlay|pedll|revoked-cert|signed,2026-05-22T08:54:32Z
db60f004b96b5adf202b62ddc57ac866cee1be165539095e31d2e11981b2f84a,trojan,28/76,msil,assembly|pedll,2026-05-22T08:54:34Z
ea92a95e8b7a7d7def66c0c579171ae88d3e04916a1787f97ad68c7f36c271f3,trojan,51/75,shellcoderunner,assembly|pedll,2026-05-22T08:54:37Z
c74c0dfa0a29731a24dd705900c0b07a9097907a2c02c9ec9c183d1b0aaec9fc,trojan,47/75,msil,assembly|spreader|pedll|payload,2026-05-22T08:54:39Z
2a511f135e2c73df339e5c033da2a45de124edf3300aa7f9c54c81b1eacbd755,trojan,37/75,msil,assembly|pedll|idle|payload,2026-05-22T08:54:41Z
37d2a1626dc205d60f0bec8746ab256569267e4ef2f8f84dff4d9d792aa3af30,,1/75,,detect-debug-environment|pedll|idle|overlay|signed,2026-05-22T08:54:44Z
a3357684eec66f12d07a9a747725564189f4bc616390d16f1c5e8c5508fbd808,trojan,51/75,msil,spreader|assembly|pedll|payload,2026-05-22T08:54:46Z
371cdc0f5ce642a6b88413d146fe90d9008b99282b9d04e81abdf416a3f3ae7e,trojan,34/75,msil,assembly|pedll|invalid-signature|signed|overlay,2026-05-22T08:54:48Z
fbe9cbd20b1447fbc3005d50bd5b969b509266cab8b1fe3cf385506815d650aa,trojan,35/76,msil,assembly|obfuscated|pedll,2026-05-22T08:54:50Z
b0a0e1eb6b1785eb5f8b45ecb1b744dbdf1d2bb36e0e9c3c18e94df69fd92434,trojan,47/76,ousaban,pedll|idle,2026-05-22T08:54:52Z
bb71f948e4275476bd957e7c586f4081799d2ec7c40949db64ad6aeca77d2c1a,trojan,43/76,shellcode,pedll|overlay|service-scan|idle|malware,2026-05-22T08:54:55Z
901263be5889f7c55d4160f715f7b9333d275c39926b2f61f527e1ab4212fe9f,trojan,29/74,msil,payload|spreader|assembly|obfuscated|pedll,2026-05-22T08:54:57Z
3c1eefad5b96e8f9e8ecaab6c054ca2bc7a7929b03f814f94ba4beab2703aa07,trojan,45/75,msil,obfuscated|assembly|pedll|idle|overlay,2026-05-22T08:54:59Z
5cc413a30c3cfb0ffe4b5d36a4e81278cade930501ace6734abb6948aa120f83,trojan,49/76,jaik,overlay|detect-debug-environment|pedll|themida|persistence|signed|corrupt|revoked-cert,2026-05-22T08:55:01Z
f6e16389ddb118dd6d46c148943bf902d5ca2a59cfbd16b0ba32c35207034627,trojan,50/76,tedy,detect-debug-environment|pedll,2026-05-22T08:55:04Z
75f2bdfb69ce6856ed8e092c8fe47a03504d79028d08e4596d535755db2ed89b,trojan,50/76,ponteiro,pedll|themida|corrupt|spreader|revoked-cert|persistence|signed|overlay|detect-debug-environment,2026-05-22T08:55:06Z
8a90cfcac18da36922d416e5712e3b34266f5d1b705cf7f766b485fbdb342722,trojan,51/76,ponteiro,spreader|service-scan|themida|signed|long-sleeps|pedll|revoked-cert|detect-debug-environment|corrupt|overlay,2026-05-22T08:55:08Z
46c0e96f944f4ad4b7f0b8b140ecd42eedb23f3226f72bcfbd1da7f51b909474,trojan,51/76,zusy,corrupt|spreader|detect-debug-environment|pedll|revoked-cert|signed|overlay|themida,2026-05-22T08:55:10Z
05bf2cb448e8407c39546b46892e363d8c250662d7e6001cac79692c6883a446,trojan,51/75,zusy,overlay|spreader|persistence|corrupt|detect-debug-environment|revoked-cert|pedll|themida|signed,2026-05-22T08:55:13Z
0d85884024cba70fb78121063ad6b5fb4da59816df50236750cc63dc9f0bfbef,trojan,48/75,midie,detect-debug-environment|spreader|pedll,2026-05-22T08:55:15Z
12f2379bff69faa08e142ced1147e20e59102b718b128254d06ef97bdd335ba7,trojan,51/75,zusy,persistence|signed|pedll|overlay|revoked-cert|themida|spreader|detect-debug-environment|corrupt,2026-05-22T08:55:17Z
27bb5c34e13f01182aebe3cf2074494576d82a29d94e5207bc52726fe1003952,trojan,40/74,ponteiro,corrupt|overlay|signed|pedll|themida|long-sleeps|revoked-cert|service-scan|detect-debug-environment,2026-05-22T08:55:19Z
a2f786ce50b866d6fe65bf9ef4c254a2d17f1a955d2d3f43940c982647f483cd,trojan,53/76,ponteiro,signed|spreader|overlay|themida|detect-debug-environment|corrupt|pedll|revoked-cert,2026-05-22T08:55:22Z
e4abb6cdb0fa5e483876f2d966bed3bdf879b3e1788f388d05ba8d972c03a4d6,trojan,46/72,ponteiro,revoked-cert|pedll|overlay|spreader|themida|calls-wmi|checks-user-input|detect-debug-environment|corrupt|signed,2026-05-22T08:55:24Z
be7a71f423978feace65dacb650f3721e018e567e48fe643eb3ff4c6ecd42de5,trojan,50/76,ponteiro,corrupt|detect-debug-environment|themida|pedll,2026-05-22T08:55:26Z
c44829037074a72f5435241fc0b29e85dcacbd98da0f75fc1c9e1edae696d020,trojan,46/72,msil,pedll|assembly|payload,2026-05-22T08:55:28Z
1ca97a5913fa800f011bafd42a89aea49a02a59847ea39d3e15ebd7cd6b57fc4,trojan,45/74,loader,pedll|spreader|overlay|detect-debug-environment,2026-05-22T08:55:31Z
76114790d9c8dc354bb29391dd0ccb47c2cd1c8cc90c335fa248420e3797f585,trojan,48/75,loader,detect-debug-environment|overlay|spreader|pedll,2026-05-22T08:55:33Z
0dd9571197f6fa4002018889fc536ec414d7e331dc284ac870cdda3c832c4615,trojan,39/76,loader,pedll|detect-debug-environment|spreader|overlay,2026-05-22T08:55:36Z
8b4e15a98255e4425c519559b34e729cb6e43e650546d34b515cffe80bd1eded,downloader,44/76,fragtor,detect-debug-environment|pedll|overlay,2026-05-22T08:55:38Z
53ff790216740e6a8d4a18f93bb258dd42905ed40800f6e797d4a22105cf5b37,trojan,26/75,agentb,pedll|signed|idle|overlay|invalid-signature,2026-05-22T08:55:41Z
0b619234d5000aef0e83166c49f32e6d4a186b6b3be14270b6ee9054604f577f,trojan,47/75,loader,detect-debug-environment|spreader|overlay|pedll,2026-05-22T08:55:43Z
9bfefb7c0fe8e0cd3860f200eb8c45224a00ebc85ad4f6f93c74f4dc3f18fd23,trojan,27/76,msil,assembly|detect-debug-environment|pedll,2026-05-22T08:55:45Z
4600482d66bf48259f926ac25d87fd1db0b44ab63817eae8da44a2cdddd1f660,trojan,47/76,msil,assembly|pedll|spreader|idle,2026-05-22T08:55:48Z
de70cc178db918f81606bd74246449bba4504f6d316aaf9beed082f2000a9bea,trojan,40/75,msil,detect-debug-environment|assembly|pedll,2026-05-22T08:55:50Z
7a28a02a5ce1d3e19ab2d35feb2b585f096e56175fb2980e29947079d3467a2b,trojan,46/76,msil,pedll|assembly|spreader,2026-05-22T08:55:52Z
f9a83ff9868503a6a8ef79a57451bf39b6ff312ca4bb139aad51d21e027a40a1,trojan,29/76,,pedll|assembly,2026-05-22T08:55:54Z
bf9fae2e1106417334d23342d83b1231d1ced3d7035d96d764799b0b3587fc2e,trojan,24/76,msil,pedll|assembly|payload,2026-05-22T08:55:57Z
11294cea49dcea4d6a08bcb76d7bfa2094a51250c38baf5778b10df6d01dbb3e,trojan,30/76,msilheracles,pedll|payload|assembly,2026-05-22T08:55:59Z
da5d137c9fd25a5b8419f2d073cea4f497a10cbf3eda2a69dec3426f0412f284,trojan,30/75,msil,assembly|pedll,2026-05-22T08:56:01Z
aae2ee8d74f7d74e430941e6206bdf221994967730a060fcdf3cc80e392352a7,trojan,43/75,msil,pedll|assembly|spreader,2026-05-22T08:56:03Z
c5b95d6b4f2388418ffe127540e5234c76d1c5431e60554b359a0558e290f8cc,trojan,37/74,msil,pedll|payload|assembly,2026-05-22T08:56:06Z
cf9cdd5d26283d31c43eb4df35a0dfc867da74441e5363890a84b988d8514c62,trojan,42/76,agentb,calls-wmi|long-sleeps|malware|pedll|detect-debug-environment,2026-05-22T14:23:06Z
df318a3137b6aacae44140f3884d0907e62b98439af6174b2e987b1186246799,trojan,39/76,shellcoderunner,overlay|invalid-signature|pedll|signed,2026-05-22T14:23:09Z
dca8e8fb6836227f52ede805b9e54bcf203f830e404e04a02e8fed88db646134,trojan,32/75,diple,detect-debug-environment|pedll|checks-user-input,2026-05-22T14:23:11Z
8b38cb6e0f231e3d9e9f7e4552b04743d629f3601efdf7fe90b266baaa39e8eb,trojan,47/76,loader,pedll|spreader|overlay|detect-debug-environment,2026-05-22T14:23:13Z
268f270798c015723daf6735222b5d31f388c110759ceff5d0c97746c2bb531c,trojan,52/76,lazy,detect-debug-environment|long-sleeps|pedll|idle|overlay,2026-05-22T14:23:16Z
2738e0b84a1009ce1996909cb60ddf2c35035834b355bc434da99dabf3056a6a,trojan,43/76,fragtor,overlay|spreader|invalid-signature|signed|pedll|detect-debug-environment,2026-05-22T14:23:18Z
122d9df1eea4f711fe7e1da9adee6bf254d39f3ff528687a4344831784db28ab,trojan,53/75,msil,pedll|assembly|spreader|payload,2026-05-22T14:23:21Z
c4aa191fbb92de300094df02a193d6d95cbae22d2953b826d2a628a029280071,trojan,29/74,obfuscator,pedll|overlay|assembly|corrupt,2026-05-22T14:23:23Z
19396a3c7a98e085667dd9d2133db18c3402f992215180aea337d596472cfb87,trojan,37/74,wmitask,assembly|idle|pedll,2026-05-22T14:23:25Z
5a46933397a2a74fc06f74dbc5a4cd227fdd88e08a493c9ff2a598412ff73558,trojan,42/76,tedy,pedll|assembly,2026-05-22T14:23:27Z
f5ec65b652a9b9d969996f05819eb6df32bbfcba437465e229fdbbdad6ac621f,trojan,40/76,msil,assembly|pedll,2026-05-22T14:23:29Z
a46f5ec090c703c1b05f4fb3929934bd2017a84bf5b8caeebe5367e5617d1b59,trojan,28/75,msil,payload|pedll|assembly,2026-05-22T14:23:32Z
9f74a0b46e79f27ec5d67fcfacd1b3f8d9ef558ffe13da875c422be74b9c00e6,trojan,16/75,msil,assembly|payload|pedll,2026-05-22T14:23:34Z
8c60eea4268ea6cfdc02249a0c91d32b85c671d55af1f61819dc1f8d088e0000,trojan,35/74,msil,assembly|pedll,2026-05-22T14:23:36Z
54d1cde4842fdccc63b9beece056a9b617cbbe106d1cb47dd8d248971bf82bc2,trojan,23/75,msil,payload|pedll|assembly,2026-05-22T14:23:39Z
a13c4568567428c81cdf7fd12b6f3ad002dd96f9977b595368ee4d731944f2eb,trojan,50/76,doina,long-sleeps|detect-debug-environment|pedll|spreader,2026-05-22T14:23:41Z
b5ba735d7e81ab5ad8aa3d984c1e79daec56cf669a5f615b129bc8474d4ec174,trojan,43/75,valleyrat,invalid-signature|long-sleeps|pedll|overlay|signed|detect-debug-environment,2026-05-22T14:23:43Z
0738ea93e876e5299c5f927fb2aa2a196191447013b17082c60075d4a55f52ec,trojan,44/74,valleyrat,invalid-signature|detect-debug-environment|overlay|signed|pedll|long-sleeps,2026-05-22T14:23:45Z
ad2f7563c7f65bfd750bf69875bce28614f93bc06c7a34402e954ba1ce3230c8,trojan,60/76,farfli,spreader|payload|pedll,2026-05-22T14:23:47Z
3821bb511fcf9f8375f2e96194b3f6405fe088a79db921c53ab6972a412880b2,trojan,59/76,farfli,pedll|checks-user-input|payload,2026-05-22T14:23:51Z
03ebcc1809db29f5f3232fcf5c6a0d46e0e00c2a75602daf9e21e93a20e5e96e,trojan,57/75,farfli,pedll|payload,2026-05-22T14:23:53Z
171792cc6dd82d50689e3b81d74a0a538874a19a77edd3f5ab0d9a90ad186594,trojan,56/76,farfli,pedll|payload,2026-05-22T14:23:55Z
16e14cfa12bee177d2685df94fc7e9e7fef2362bf9f5c251e35d623ec3a8016a,trojan,40/76,zusy,spreader|assembly|obfuscated|pedll,2026-05-22T14:23:57Z
ad0f9aef42bd04f943cee62021816710c6a2132d8159a7cef3b88abe16735b2f,trojan,43/74,shellcoderunner,detect-debug-environment|pedll|persistence,2026-05-22T14:24:00Z
c2d0fca4d364122beeb618dd4388d1e59ef698596d1ed470947ba66ee4d7dd60,trojan,30/75,gamehack,assembly|pedll|spreader,2026-05-22T14:24:02Z
d9edd707df3689a2915929362f59cc5fb67f95f6a657189e5825d6fc6547cfb6,trojan,38/75,glassworm,pedll|detect-debug-environment|idle,2026-05-22T14:24:04Z
5e15e3482e03afe13521eee413031b0e09e660cc40a6a370b7934c3979f0d625,trojan,40/76,ousaban,corrupt|pedll|overlay,2026-05-22T14:24:06Z
915441b7d7ddb7d885ecfe75b11eed512079b49875fc288cd65b023ce1e05964,trojan,33/76,badiis,detect-debug-environment|pedll|assembly,2026-05-22T14:24:09Z
e297cf8cf745792edec532f9086760b85cd7df356f816b46ec972bddc94e26f3,trojan,51/76,jaik,signed|pedll|spreader|invalid-signature|overlay,2026-05-22T14:24:11Z
fe436e43d557bcd05c39fae11ba8f51298cb0a15e0976d8a792b0f21a33583e6,trojan,38/76,filerepmalware,pedll|aspack|overlay,2026-05-22T14:24:13Z
0f78a20c46cece8cdc8c1c387a20a13c6276ce4d20f5fd7bcde8df8d17868b4f,trojan,26/74,msilheracles,assembly|pedll|overlay,2026-05-22T14:24:15Z
0ec3ff5367203922940eb8172cca87f1cdb6cb3e3c74c21c83168a185aa03e7f,trojan,51/76,ousaban,pedll,2026-05-22T14:24:17Z
0b1f7c248b68e15f49c201717baf55693710f7fcc9a6e0f31eeaad46f9b2352e,trojan,47/76,zusy,pedll|spreader|assembly,2026-05-22T14:24:20Z
776b6257251dcf744fd2f817715ebd9e6288ecfffd723bca6f184f698b9175c1,trojan,38/75,autoit,pedll|assembly|overlay,2026-05-22T14:24:22Z
54dc78f067380d322529c483794eb506eaaaff93366b6063d000f1df873de5a2,trojan,34/76,autoit,overlay|idle|assembly|pedll,2026-05-22T14:24:24Z
e53f8d1f26cace96fab6e99ca6ac61b7a1c3992e89067217edc4acf3479893ce,trojan,49/76,loader,pedll|spreader|overlay|detect-debug-environment,2026-05-22T14:24:26Z
207c70e4b3346fe00a7d06612acbf639f1b56120f61c5e8674eb43292287211f,trojan,36/75,shellcoderunner,pedll|detect-debug-environment,2026-05-22T14:24:28Z
510edd38e5e6ddd3fa443e05ff539fdbe934883ec31a23378a8893ed6b2c3d76,trojan,39/75,generics,revoked-cert|signed|overlay|pedll,2026-05-22T14:24:31Z
f15e14ebf36994b97276ac49f84df973623a313489a1a9e86bd4e30feb225fad,trojan,45/76,zusy,assembly|pedll|idle|spreader,2026-05-22T14:24:33Z
e82fe88c815774040d46f6d7d15560fc4bfceebaefe35f8e2b1777d59bf92cca,trojan,49/76,korplug,pedll,2026-05-22T14:24:35Z
7e832ab8f15d826324a429ba01e49b452ffc163ca4af8712a6b173f40c919b43,trojan,43/75,msil,assembly|pedll|spreader,2026-05-22T14:24:38Z
935cd9070679168cfcea6aea40d68294ae5f44c551cee971e69dc32f0d7ce14b,trojan,42/76,fragtor,detect-debug-environment|signed|invalid-signature|pedll|overlay,2026-05-22T14:24:40Z
3feb52e0d0d0de9b281f5c47e068a3559cd69da960609418b3725f2e93cfb838,trojan,46/76,zusy,assembly|spreader|pedll,2026-05-22T14:24:42Z
f1d401e0b0dcfb3ecd90fa9fd9083c3b1a63e8c3029d8a97bfeaa1df862b5959,trojan,8/75,,mz,2026-05-22T14:24:44Z
fb49455e8fb0c5eb5ac7f320f38ee67db2fde9af9c852241c0570ef3fc44e263,trojan,28/75,office,docx|cve-2017-0199|attachment|exploit,2026-05-22T14:24:46Z
e64797586a57d91edf1206c34a381dd1e8f4b3321362f932fff9492079ac279b,downloader,17/77,office,exploit|cve-2017-0199|docx,2026-05-22T14:24:49Z
e2bb6736939e4d0a3ab8cc0f720c52139707aabf6f050ffb07d9125023c750ea,trojan,26/76,office,cve-2017-0199|docx|exploit|attachment,2026-05-22T14:24:51Z
95df7bbb2b1ac5c65bdc3b1c7ab755cf61a1402e85acb8cd9d1d964fe29f2fec,trojan,27/76,office,attachment|docx|exploit|cve-2017-0199,2026-05-22T14:24:53Z
83063e489e2c48b1d673bb0f7c4a3bb5731fa5de43a6a1094bda456e6d75d9a3,trojan,28/75,generics,attachment|docx,2026-05-22T14:24:55Z
70e86e620ec3a95589512bc9f7c74c58bbb167cdfdbbc162b613137a8b4bd6fe,trojan,20/76,subdoc,docx|exploit|cve-2017-0199|attachment,2026-05-22T14:24:58Z
6f6b418fa7276833ddfe5a554df14d148adfd2bc4fa89d00e0a5d2c9bec92654,trojan,30/76,office,cve-2017-0199|docx|exploit,2026-05-22T14:25:00Z
68b70ca29b25774016418ff050774996ea9c8ecdb93b561d60cc5b7a39952d2b,trojan,23/76,office,cve-2017-0199|calls-wmi|detect-debug-environment|exploit|docx,2026-05-22T14:25:02Z
681da0808d79ec5316dac421127c2c2beb709ee97f6062b4f5aaeb2d31d2c9e7,downloader,19/76,office,exploit|docx|cve-2017-0199,2026-05-22T14:25:04Z
676f260ddaa0342ce9410b090db49bbcfd8b238df6d91446afbe2511649dd416,trojan,22/76,office,exploit|cve-2017-11882|docx|malware|cve-2017-0199,2026-05-22T14:25:07Z
654f64557fb56ef3237c862fa0ca537d3d9e6c39260fba04f45e0ed23a878ebd,downloader,21/76,w97m,malware|docx|cve-2017-0199|exploit,2026-05-22T14:25:09Z
5762b13651a258b83c8aa9796b81e8c3a82028161bb63702ee05d19391290c86,trojan,23/76,office,docx|cve-2017-0199|exploit,2026-05-22T14:25:11Z
4965631c1118f6086d4dc753d5f1dcf529f6ea06152ec4fc64b73546529b746a,trojan,29/76,dump,docx|calls-wmi|exploit|cve-2017-0199,2026-05-22T14:25:14Z
2f69a2c253e6ed608a67814ee0d0624e0e0ffb2aeefe40ab0ef7f433a9775fcc,trojan,23/76,office,exploit|docx|cve-2017-0199|attachment,2026-05-22T14:25:16Z
2daef9d7a53cd48acfd11a2a72e00bbd5128a5f18e849d9fce693edf1f84a473,trojan,37/76,office,exploit|attachment|cve-2017-0199|docx,2026-05-22T14:25:18Z
1ca63b3f7973f9c6dc1801637148c3140c3fa500590da36e1fc2f8b3793f7983,trojan,23/76,office,docx|cve-2017-0199|exploit|attachment,2026-05-22T14:25:20Z
156cce779e98f7333e7152a0de3f5b1675a289005ebf950a0a00ad89f3d1ee5e,trojan,25/76,office,exploit|docx|attachment|cve-2017-0199,2026-05-22T14:25:22Z
c1c6ec7d2f3ecc912bff40a218a615ef57e6705d06124aaac3f99442557167d5,trojan,34/75,generics,cve-2017-0199|exploit|attachment|docx,2026-05-22T14:25:27Z
241c67969cd87f0e7446103c6e5716b3f35c67e3dc4f9bf3571e6ae7a45d2ca9,trojan,25/75,office,docx|malware|cve-2017-0199|calls-wmi|exploit|attachment,2026-05-22T14:25:29Z
030a702e9fe4035d995361982023f35eb7c8bc13436997c708960702063e8aad,trojan,31/75,w97m,exploit|calls-wmi|docx|attachment|cve-2017-0199|cve-2017-11882,2026-05-22T14:25:31Z
dcf1f0e70afb3896758d719cd3b122522c2147e21e536e9531ca337c7137cd5d,trojan,21/76,dotmer,docx|cve-2017-0199|exploit,2026-05-22T14:25:34Z
afe8737ea8d807a8e29c39debec12cd0f59b2af940ebe73f20504c2e108d4864,trojan,25/75,genericfca,docx|cve-2017-0199|exploit,2026-05-22T14:25:36Z
109523934694a992e7def6225e73eb291d93f602952e1b586fe6b0e914965e53,trojan,22/75,msword,exploit|docx|attachment|cve-2017-0199,2026-05-22T14:25:38Z
e044238a4bf845880b811ad3c5d5b8d67d82a97fc1c37b76c4fe29f76fda2ff5,trojan,19/75,office,docx|cve-2017-0199|exploit|malware|calls-wmi,2026-05-22T14:25:41Z
42d6a30f6ccb7363cd86d6064996f99e087c30d7ecbafea92ebfbdf763949350,trojan,4/75,bitser,docx|calls-wmi,2026-05-22T14:25:44Z
4578bc4b0b5eab3ac6e38d71bc1a086593b118c8bb221161d3fd27c5f5d00ea6,trojan,12/75,malgent,calls-wmi|docx,2026-05-22T14:25:46Z
ee6c8422e4e723fe408ef6bbacfa852ae372e99ddf79e2fe38920017ec5e7674,trojan,14/75,malgent,docx,2026-05-22T14:25:48Z
81ecf0bbd62ef8602803b02d767cf2915875da82d156de57589733b58b36ad63,trojan,29/75,docph,doc|cve-2026-21509|exploit|calls-wmi,2026-05-22T14:25:50Z
f36542b449e0b164bf0927d48bd934aa0e66bd2fab483f532cf2010f3fc9d02b,trojan,28/74,rtfmalform,exploit|rtf|cve-2026-21509|calls-wmi|ole-control|cve-2011-3230,2026-05-22T14:25:53Z
b68e729104d051eaf3d118f9fd9c3fde81255f2b14f349a9ce421423407e5a77,trojan,29/74,rtfmalform,cve-2026-21509|calls-wmi|ole-embedded|rtf|exploit,2026-05-22T14:25:55Z
0ed6dba3092b7e546c0ee9c6fa7ed1cf9f4c20ef28e6d96f9c7e2a19c20b6a6d,trojan,13/74,,docx|calls-wmi|exploit|cve-2026-21509,2026-05-22T14:25:57Z
479fd5e5bd5566a0252acd4ec29c5abc0dac501d0d6e9f316612b52aa48a3587,trojan,33/75,expl,exploit|ole-control|cve-2026-21509|ole-embedded|rtf|cve-2026-21514,2026-05-22T14:25:59Z
520270adf2f2f69021713dfaf5c961d88ba8b06a54d85c68b73bc590ef0ef206,trojan,28/75,abnormal,rtf|calls-wmi|ole-embedded|exploit|cve-2026-21509,2026-05-22T14:26:02Z
8e53683133e7e1ddd1d8728b6ba8b9b80ec40f6772422c8adc8002bafe553f7b,trojan,20/75,,cve-2026-21509|exploit|doc,2026-05-22T14:26:04Z
c0af34161bd30a3eefe50cc4a9b18279cc0b09f88942de9ce8728dc832fb877f,trojan,26/75,office,exploit|cve-2017-0199|docx|calls-wmi|malware|attachment,2026-05-22T14:26:06Z
240821416fe1785124e5e24fe953b8b87b4ce2798f296351026fab8e80726aca,trojan,7/76,powershell,doc|calls-wmi|cve-2017-11882|exploit,2026-05-22T14:26:08Z
9786fd636d0411329aaae1e7a0fd4807940bf26753d826cab1817b7213fb51cb,virus,43/75,marker,email-pattern|obfuscated|calls-wmi|auto-close|macros|exe-pattern|doc|write-file|auto-create|auto-open,2026-05-22T14:26:11Z
f81e70c6951855e27ea34f60a6a32e55148a3a09dea84a3feacbeb649357ceee,trojan,24/74,,exploit|calls-wmi|rtf|cve-2026-21509|ole-control,2026-05-22T14:26:13Z
b32e609c00614486f6ced399ebcf870c43b59d0e299e9431dfc36e39b390b2cc,trojan,30/75,alien,create-ole|auto-open|create-file|doc|macros|open-file|handle-file|environ|write-file,2026-05-22T14:26:15Z
94d29083967a595e7b9c3c73cdbb62944b25b14addc932a76d530c8050e40bd1,trojan,8/75,,doc|calls-wmi,2026-05-22T14:26:17Z
0134b6f54e0f662f76082cb4b131096d540f71ab4abff93ef0a99f5e97b1f094,trojan,19/76,qrcode,calls-wmi|docx,2026-05-22T14:26:19Z
02ec371868f200a73be422bad4762884f6aec9932550b9a344db25d7a8f32ccc,trojan,35/75,ddeauto,docx,2026-05-22T14:26:22Z
baad1153e58c86aa1dc9346cdd06be53b5dd2a6cf76202536d6721c934008f8e,trojan,32/74,apost,ole-control|ole-embedded|cve-2026-21509|attachment|rtf|exploit,2026-05-22T14:26:24Z
2943fbf0582b3cb9ab987554d7a1c26f094159e550bdc0d19764166b3e1d1881,trojan,22/75,office,calls-wmi|exploit|docx|cve-2026-21509,2026-05-22T14:26:26Z
1e54902649dfa5f7a8bab0461974444fb1f224294009030de740995320a6fba0,trojan,8/75,,docx|calls-wmi,2026-05-22T14:26:29Z
5486107244ecaa3a0824895fa432827cc12df69620ca94aaa4ad75f39ac79588,trojan,45/75,dochidenwatcher,run-file|long-sleeps|enum-windows|macro-run-file|exe-pattern|write-file|environ|url-pattern|create-ole|docx|calls-wmi|powershell|macros|create-file|auto-open,2026-05-22T14:26:31Z
b0f9f0a34ccab1337fbcca24b4f894de8d6d3a6f5db2e0463e2320215e4262e4,trojan,43/75,sdrop,auto-open|environ|create-file|url-pattern|open-file|run-file|powershell|enum-windows|macro-run-file|docx|calls-wmi|send-keys|exe-pattern|write-file|long-sleeps|create-ole|macros,2026-05-22T14:26:33Z
9097d9cf5e6659e869bf2edf766741b687e3d8570036d853c0ca59ae72f9e9fc,trojan,42/75,dochidenwatcher,long-sleeps|url-pattern|create-ole|macros|enum-windows|docx|macro-run-file|open-file|powershell|write-file|create-file|exe-pattern|auto-open|environ|run-file|calls-wmi,2026-05-22T14:26:36Z
df60fa6008b1a0b79c394b42d3ada6bab18b798f3c2ca1530a3e0cb4fbbbe9f6,trojan,43/75,dochidenwatcher,docx|calls-wmi|url-pattern|run-file|write-file|powershell|environ|create-ole|open-file|create-file|auto-open|long-sleeps|macros|enum-windows|exe-pattern|send-keys|macro-run-file,2026-05-22T14:26:38Z
c3b617e0c6b8f01cf628a2b3db40e8d06ef20a3c71365ccc1799787119246010,trojan,41/75,dochidenwatcher,run-file|auto-open|url-pattern|macros|create-file|enum-windows|long-sleeps|docx|send-keys|powershell|macro-run-file|calls-wmi|create-ole|exe-pattern|environ|write-file|open-file,2026-05-22T14:26:40Z
46e0f6fd0f25b1c52b4e27979c923fb5a83bd8798c2a5580a0933aed5047be65,trojan,13/74,,doc,2026-05-22T14:26:43Z
c489aca5571eb078a4f49dca031cd30ede179b523d0b9e2d231544bb234b39ec,trojan,37/75,obfsstrm,ole-embedded|ole-autolink|exploit|rtf|cve-2017-11882,2026-05-22T14:26:45Z
73ec208dca54b5b0a5221b6d2373fa8369f8ed59296b65e6a130a9899067f506,trojan,37/76,obfsstrm,html-control|ole-embedded|cve-2017-11882|exploit|rtf,2026-05-22T14:26:47Z
9122e32c6d39fbff3bb2623fffc020766b185c2392b15b24c739b9c9e1bc23a1,trojan,36/76,obfsstrm,cve-2017-11882|calls-wmi|malware|html-control|exploit|ole-embedded|rtf,2026-05-22T14:26:49Z
70535e402e399e2743de32189aa712eeb0f8fdb4c2b8daafd01d5fbdaf438ad4,trojan,33/76,obfsstrm,calls-wmi|exploit|cve-2018-0798|cve-2017-11882|ole-embedded|cve-2018-0802|rtf|executes-dropped-file|ole-link|cve-2017-11774|cve-2006-0003,2026-05-22T14:26:51Z
95993055acb0ae55633b8451bbbc0533dd6bf45bac6ca71c3feabab4836017f8,trojan,36/76,obfsstrm,rtf|malware|ole-link|exploit|calls-wmi|cve-2017-11882|ole-embedded,2026-05-22T14:26:54Z
4df6230fd8d63d2364866be92ad8cffc07ef6b1c37b9373bf57e0924a319ab53,trojan,29/76,obfsstrm,html-control|rtf|cve-2017-11882|exploit|cve-2018-0798|cve-2018-0802|ole-embedded|executes-dropped-file,2026-05-22T14:26:56Z
59ecdacad403e1fea285f25bab95455ebe2dbd3e4bc52f0d17176a811d358a8f,trojan,31/75,obfsstrm,ole-embedded|malware|cve-2017-11882|html-control|rtf|exploit,2026-05-22T14:26:58Z
575f1eb708f954f07fed7fff977355a83496ba7b22bfbb33723725fd1080bee2,trojan,25/76,office,docx|malware|cve-2017-11882|cve-2017-0199|exploit,2026-05-22T14:27:00Z
f0d443055143cbd6bce8ef96b52d430e2db321b37b8b93a2a9d0354651702790,trojan,32/74,expl,cve-2026-21509|rtf|calls-wmi|exploit|ole-embedded,2026-05-22T14:27:03Z
1ed863a32372160b3a25549aad25d48d5352d9b4f58d4339408c4eea69807f50,trojan,39/75,cve202621509,exploit|rtf|cve-2026-21514|calls-wmi|cve-2026-21509|ole-control,2026-05-22T14:27:05Z
be859b4f4576ec09b69a2ef2d119939f7eb31de121aa01d38e1f0b2290f5a15e,trojan,36/74,cve202621509,cve-2026-21514|ole-control|cve-2026-21509|exploit|rtf|calls-wmi,2026-05-22T14:27:07Z
969d2776df0674a1cca0f74c2fccbc43802b4f2b62ecccecc26ed538e9565eae,trojan,25/75,,exploit|cve-2026-21514|ole-embedded|rtf|ole-control|calls-wmi|cve-2026-21509,2026-05-22T14:27:09Z
fd3f13db41cd5b442fa26ba8bc0e9703ed243b3516374e3ef89be71cbf07436b,trojan,39/75,cve202621509,ole-embedded|cve-2026-21509|rtf|cve-2026-21514|exploit|ole-control|calls-wmi,2026-05-22T14:27:12Z
b2ba51b4491da8604ff9410d6e004971e3cd9a321390d0258e294ac42010b546,trojan,41/75,cve202621509,cve-2026-21509|cve-2026-21514|calls-wmi|rtf|exploit|ole-control,2026-05-22T14:27:14Z
5a17cfaea0cc3a82242fdd11b53140c0b56256d769b07c33757d61e0a0a6ec02,trojan,26/75,,ole-embedded|calls-wmi|exploit|rtf|cve-2026-21514|ole-control|cve-2026-21509,2026-05-22T14:27:16Z
c91183175ce77360006f964841eb4048cf37cb82103f2573e262927be4c7607f,trojan,22/75,,attachment|ole-control|calls-wmi|cve-2026-21514|ole-embedded|rtf|exploit|cve-2026-21509,2026-05-22T14:27:18Z
509c0c2b454d566c45382c4b4452d1d808af9c24827a7b3a4d3b1860b173b46d,trojan,6/76,,docx|calls-wmi,2026-05-22T14:27:20Z
56f5623daa470bee190ae0ecd961be8e6df71c8da1ccf7b268fe876b84c183d9,trojan,22/76,sagent,calls-wmi|docx|long-sleeps|detect-debug-environment,2026-05-22T14:27:23Z
29325e23a684f782db14a1bf0dc56c65228e666d1f561808413a735000de3515,trojan,37/76,w97m,calls-wmi|exploit|docx|cve-2017-0199|cve-2017-11882|attachment,2026-05-22T14:27:25Z
0e2214837c1edeeda90a65729c8b2a9d88a87166783c1efa2ede0e5d661e3cff,trojan,21/75,office,exploit|docx|cve-2017-0199|calls-wmi,2026-05-22T16:43:26Z
980656e90b632746d4f57224ea93577972bb167b61fec5aa3b1148799a822165,trojan,21/75,office,cve-2017-0199|attachment|exploit|docx,2026-05-22T16:43:28Z
1ab70bfb0cff02c5d8fad602c62c5eb4507f4c76dc9f5df8f783898b03136c26,trojan,41/74,jeki,run-file|download|calls-wmi|auto-open|macro-run-file|create-ole|open-file|obfuscated|ipv4-pattern|doc|macros|write-file|create-file|exe-pattern|powershell|environ,2026-05-22T16:43:30Z
f38a56b8dc0e8a581999621eef65ef497f0ac0d35e953bd94335926f00e9464f,trojan,42/75,chartres,macros|write-file|attachment|open-file|auto-open|doc|detect-debug-environment|run-file|create-ole|executes-dropped-file|handle-file|obfuscated|calls-wmi,2026-05-22T16:43:33Z
17215529c2b6867985d3d79a2aa4f2b07cbc02ae07a49441b5cf34981c9555f7,trojan,12/75,,calls-wmi|doc,2026-05-22T16:43:35Z
2d8d41b91fa96a7c4d50b549927f510d06886405f9bd2423ab42c97ce65facc8,trojan,13/75,,calls-wmi|doc,2026-05-22T16:43:37Z
1362bd550b6bce1a99388bbb4a8eccfe085f7a38770a502701b3c064c0a1f461,trojan,35/76,chartres,run-dll|auto-open|handle-file|calls-wmi|obfuscated|macros|doc|open-file|exe-pattern|create-dir|write-file|create-ole,2026-05-22T16:43:39Z
79a9604f8aa3c63e95628d4a7da96f36a91c03691be66964b9a619b45ee630eb,trojan,36/75,obfsobjdat,ole-control|exploit|ole-embedded|cve-2017-11882|calls-wmi|malware|rtf,2026-05-22T16:43:41Z
6481201192b562dea5075b3815e3f8b33d1c97ef7cf576fb323dd97a6f487950,trojan,38/74,obfsobjdat,rtf|malware|exploit|calls-wmi|ole-embedded|cve-2017-11882,2026-05-22T16:43:44Z
eeaa87c9a844002d35868e63e2b52c00e3b6597af063ae32dcf879caa0c4c69d,trojan,33/76,office,docx|exploit|cve-2017-0199|calls-wmi,2026-05-22T16:43:46Z
f86e26d5ae83a581b3d485121c2de43437474e2bb85d0b01c60c1fd56299b2cd,trojan,31/76,gqdf,calls-wmi|cve-2017-0199|docx|detect-debug-environment|exploit,2026-05-22T16:43:48Z
7733ecaadce1d569c6cb5b7700a86927951509e08aad5bbe95308e72719246eb,trojan,36/76,obfsstrm,rtf|exploit|cve-2017-11882|ole-embedded,2026-05-22T16:43:51Z
7145b21c8fa8ffbf9e89dc3720183772b7fbc76b12eba3e3dd68079348397e59,trojan,32/76,obfsstrm,rtf|ole-control|ole-embedded|cve-2017-11882|exploit,2026-05-22T16:43:53Z
10e9665be878b1d0936bbbdfe7a2b2c5bcc0539fbcbc02a871d1b4b533fe16a3,trojan,32/76,obfsstrm,ole-embedded|rtf|exploit|html-control|cve-2017-11882,2026-05-22T16:43:55Z
6a22c0f7cafd717d4bc7408d7cf045f864939dd11f6d61a1b557e25a65fe4b7e,trojan,25/75,corona,macros|write-file|doc|auto-open|create-ole|obfuscated|run-file|calls-wmi|environ,2026-05-22T16:43:57Z
c61a761cf63e14107e5dfa82aa931bce2342f71288a1435ac2470d1c4bf3c7de,trojan,28/75,shellex,calls-wmi|malware|rtf,2026-05-22T16:43:59Z
d98fec13e2f261a0f8da106936c73f1ecdaf4b1e87910581b483d7beb9eba767,trojan,11/75,,calls-wmi|docx,2026-05-22T16:44:02Z
8167963f03012b1397c4a0af5813f05d14663e4437943fe4b0d9104fd1519821,trojan,11/75,,calls-wmi|docx,2026-05-22T16:44:04Z
3f35d1ca73b97ac75cf087bfb94b43044630922fe80b4e5f47604ad305a292eb,trojan,38/75,obfsobjdat,ole-embedded|ole-control|rtf|calls-wmi|exploit|cve-2017-11882|malware,2026-05-22T16:44:06Z
b82179a96d47de86e60ba65ca7ce97f6424f08e637c5e4127c6c08021c417d8f,trojan,27/75,sload,calls-wmi|cve-2017-0199|docx|attachment|exploit,2026-05-22T16:44:08Z
7ea4b307e84c8b32c0220eca13155a4cf66617241f96b8af26ce2db8115e3d53,trojan,36/75,logan,doc|macros|run-dll|open-file|create-ole|executes-dropped-file|write-file|handle-file|long-sleeps|detect-debug-environment|calls-wmi|auto-open|macro-run-file,2026-05-22T16:44:11Z
1e84dc87bb9e8c4a34bb277aee742b515d00326ea0e85751d3e0798c0ade753c,trojan,33/74,generics,exploit|cve-2017-0199|attachment|docx,2026-05-22T16:44:13Z
8092853911b4bb243015f4f7bf5f70129ce992c9053a5c9f817e34b3ce01fc05,trojan,25/74,w97m,cve-2017-0199|attachment|docx|exploit|calls-wmi|cve-2017-11882,2026-05-22T16:44:15Z
b6e9c0397a42fd116e7af45a99af2cc5ff23e48e429e04dd411bea39e9fbb6c9,trojan,37/75,obfsobjdat,exploit|ole-control|cve-2017-11882|rtf|cve-2018-0798,2026-05-22T16:44:17Z
1c3b78df22f115b0cfdbd97acb8f45441c84b4dd2ea8168beaba96a2d5e26bbe,trojan,32/75,groooboor,exploit|cve-2017-11882|calls-wmi|docx|cve-2017-0199,2026-05-22T16:44:20Z
3ee21a8ef618dbfbf3e7d5053db7cb260edd78cfe8efa21a7f6bc5619921f503,trojan,31/75,office,exploit|cve-2017-0199|calls-wmi|cve-2017-8759|malware|docx,2026-05-22T16:44:22Z
90992e9f77b115b761877245ecd3e2ea8e7f1ea7ab33159096b52e82d46453a7,trojan,16/75,logan,doc|auto-open|write-file|calls-wmi|obfuscated|macros|enum-windows|open-file|environ,2026-05-22T16:44:24Z
4b8c7979176716e12058d76d2405648a1cbef52ef97777f55f33d187050dddb2,trojan,34/75,sload,exploit|attachment|docx|cve-2017-0199|calls-wmi,2026-05-22T16:44:26Z
eb0925d0211a14b2bf463a55331b2ca28b70c0929968685a8c01b4253fbc2f4b,trojan,26/75,dotmer,calls-wmi|attachment|exploit|cve-2017-0199|docx,2026-05-22T16:44:29Z
3135c74efb0d6489586fb225cfe502314090fd69cbdeacaef343c34fbe74b345,trojan,14/75,fraud,calls-wmi|doc,2026-05-22T16:44:31Z
4767a32dd639a2a2f8ef6173703c0e7ff73d1786d5c17f6baaeed95bc79d802d,trojan,15/75,fraud,doc,2026-05-22T16:44:33Z
bc2597ce09987022ff0498c6710a9b51a1a47ed8082ac044be2838b384157527,trojan,40/76,w97m,open-file|calls-wmi|enum-windows|auto-open|download|create-ole|docx|write-file|macros|create-file|exe-pattern|spreader|run-file|macro-run-file|ipv4-pattern,2026-05-22T16:44:35Z
69eb4fca412201039105d862d5f2bf12085d41cb18a93398afef0be8dfb9c229,trojan,12/76,casdet,docx|calls-wmi,2026-05-22T16:44:38Z
28de2ccff30a4f198670b66b6f9a0ce5f5f9b7f889c2f5e6a4e365dea1c89d53,trojan,40/75,valyria,run-file|macros|exe-pattern|obfuscated|docx|auto-open|create-ole,2026-05-22T16:44:40Z
4421f4867aada81b3dcd67679b419a31c530e60dceb87fd274423d9147ade0be,trojan,25/75,dotmer,exploit|docx|cve-2017-0199,2026-05-22T16:44:42Z
03f8e27f39e345bac00b9cb1ecfd148ffe12828f4de774ab8920755baf8687b8,trojan,43/75,expl,ole-control|cve-2012-0158|exploit|cve-2014-1761|rtf,2026-05-22T16:44:44Z
01f4dfd4e603c0f7c54745b89a291858b3800cb795239f21dd73cf4cf2f6ec49,trojan,24/75,office,calls-wmi|exploit|cve-2017-0199|docx,2026-05-22T16:44:47Z
38dc4478e738f2b7acda4c641bcea51bafa8799770150aafdddd35b83b25d116,trojan,12/75,,doc,2026-05-22T16:44:49Z
30ad596176b9fe35a4f53d589c8612527b5546d2f7d896df5c290a3db0caab2b,trojan,35/75,groooboor,cve-2017-0199|attachment|calls-wmi|docx|exploit|cve-2017-11882,2026-05-22T16:44:51Z
8b7cfe23539027e6b32aa7be3f7be406e10d40a3f73b7a7bf1b5d105214cc123,trojan,28/75,generics,attachment|calls-wmi|cve-2017-0199|malware|docx|cve-2017-11882|exploit,2026-05-22T16:44:53Z
76cae04f9b3c1fe16f10b2740ff23a067258babf7f520c81a6fb16687f425d19,trojan,26/75,office,cve-2017-0199|calls-wmi|malware|exploit|cve-2017-11882|docx,2026-05-22T16:44:56Z
58ce063b0d0fd247f0bd4386bcd11523c72d5d9845157ef6c9b9f206ca16cd7b,trojan,39/75,obfsobjdat,malware|cve-2017-11882|exploit|ole-embedded|ole-autolink|rtf|calls-wmi,2026-05-22T16:44:59Z
978f952fc500407cdb2269be7e40be46845c5461dc787b29258f4e42792b4afe,trojan,30/75,malgent,cve-2017-0199|attachment|docx|exploit|cve-2017-11882|calls-wmi|malware,2026-05-22T16:45:01Z
7cb5533799dcddf3a5dec1ff2833a14ba6ddbfa60c55b1f74dc282d898dceefe,trojan,24/75,generics,cve-2017-0199|docx|exploit|calls-wmi|malware|attachment,2026-05-22T16:45:03Z
53654bcdcb91c14a1cd0fbc61c5aa7444c7fa01ba980f5e9b49225f399194bf7,trojan,31/76,bladabindidldr,macros|run-file|docx|exe-pattern|create-ole|auto-open,2026-05-22T16:45:05Z
58454d3fec94b61f7769fb6354b27c7d43c2a0288aecd4d007f17f24c4509015,trojan,31/74,office,exploit|docx|attachment|cve-2017-0199|malware,2026-05-22T16:45:08Z
e32106acd96a999a03b99006e21555b4829b2067fec0d00cd17e4235e631b621,trojan,37/74,expl,ole-embedded|rtf|cve-2017-11882|exploit|calls-wmi,2026-05-22T16:45:10Z
f0183babc466c9f1eefc2f814cdb57fb2a4285eda55876f6fe7bfd83ebe40a1c,trojan,22/74,dotmer,calls-wmi|attachment|exploit|docx|cve-2017-0199,2026-05-22T16:45:12Z
ae00e031d07bf3aa0cbfa8f7b51cf7713d2e446af6fa3bebc015785f9244229d,trojan,38/74,obfsobjdat,exploit|ole-embedded|rtf|cve-2017-11882|ole-control,2026-05-22T16:45:14Z
ad53b35a6406caece66540a91f28a7e2505ab3ccbe2a67c5e0f2c1e0b42098f0,trojan,39/75,expl,cve-2017-11882|rtf|calls-wmi|ole-embedded|exploit,2026-05-22T16:45:16Z
902bdb9979ac9d981a51c5c9482e8cb57df98cdbda50b91b527455aefc1cf79c,trojan,26/75,office,cve-2017-0199|attachment|exploit|docx,2026-05-22T16:45:19Z
e444235d724ef3b01a7f994af95d6f64027803048bc3e5f3e7e8542dfb705416,trojan,38/75,obfsobjdat,ole-embedded|exploit|cve-2017-11882|rtf,2026-05-22T16:45:21Z
51aaa8846bd3bcb529cfc6f868add40c19839d692d9ed218c97fb58be39fcc7b,trojan,23/75,office,exploit|attachment|malware|docx|calls-wmi|cve-2017-0199,2026-05-22T16:45:23Z
3d90141aa59d26d931db1833a4025f49fc76301d5894bf33261407801a6c36be,trojan,22/75,office,exploit|attachment|malware|cve-2017-0199|calls-wmi|docx,2026-05-22T16:45:25Z
a0d04e599eca9f367990d34f820b473d7e7c3969483eaad9892fb4c512849efb,trojan,41/76,obfsstrm,cve-2012-2539|ole-control|cve-2014-1761|cve-2012-0158|exploit|rtf,2026-05-22T16:45:27Z
dfe8a7af99af2b546705e41a7509a5ae00454be70645cf50ebf076dc72a2a3bd,trojan,37/76,obfsobjdat,calls-wmi|cve-2017-11882|rtf|checks-cpu-name|ole-embedded|cve-2018-0798|exploit,2026-05-22T16:45:30Z
e321bf2d0e1544aa689ee8c732bc3c16a1f67f661141cbb15be54397ff62cf63,trojan,37/76,obfsobjdat,rtf|exploit|cve-2018-0798|cve-2017-11882|ole-autolink,2026-05-22T16:45:32Z
ec9785a6b7f5b684ed03c4438afeb60903f7c89059739cb268832ee06f2d8b8d,trojan,36/75,obfsobjdat,ole-autolink|cve-2018-0798|calls-wmi|cve-2017-11882|rtf|exploit,2026-05-22T16:45:34Z
27c19d5efb46994bf7c948baf8408c2ea18ef574273f3dc99b6a8b03646f8740,trojan,27/76,donoff,attachment|doc,2026-05-22T16:45:36Z
55e7a5f90d38a94c79dddc1156c1f2b74b2e8833a95bf6a7ae6ea74c613801c8,trojan,39/76,obfsobjdat,ole-control|exploit|cve-2017-11882|executes-dropped-file|rtf|ole-embedded|malware|cve-2012-3753,2026-05-22T16:45:38Z
771d0f679620c7f60641f7b80e866bc9d7dc533d5a0cba98c23136bc498e2716,trojan,18/75,gqjw,docx|calls-wmi,2026-05-22T16:45:41Z
7b06f2dd2c9274c8c048e1861fa2e7f5844f06d8e58642d12e1b92d8784e0200,,0/75,,doc|calls-wmi,2026-05-22T16:45:43Z
1d0efeb49f02ef748fdb1ab14a7403bb5081c125001763df8ca61e0d7aa08cad,trojan,35/76,obfsobjdat,cve-2018-0798|cve-2018-0802|ole-link|cve-2017-11882|exploit|rtf,2026-05-22T16:45:45Z
053b2274f03ce446f03275e4f58cc2f7d79fac444e5762c3718389fb78825053,trojan,25/76,lhhss,docx|attachment|exploit|cve-2017-0199|calls-wmi,2026-05-22T16:45:48Z
592e950e2442fd5aaa2e03a2ce7af0fa8513070268e8035a43d4a4be4de5955a,trojan,24/75,smac,run-dll|auto-open|macros|exe-pattern|copy-file|create-dir|write-file|anti-analysis|send-keys|run-file|create-ole|calls-wmi|obfuscated|open-file|powershell|doc|enum-windows,2026-05-22T16:45:50Z
c5aca388f494f2e3be2ff123b6f3383342b8cdf44fb0fbd954812e2de211fba0,trojan,11/75,,doc|calls-wmi|macros,2026-05-22T16:45:52Z
137c032094a452e3d861ecbfa6c439eb8debf672f18238e6b440a6969e7d07f1,trojan,31/76,dump,exploit|cve-2017-0199|docx,2026-05-22T16:45:55Z
0dd9afe4c7dabdd11d0326921c632e02a32a8c05fd03b51e11d69c5a08a78ffc,trojan,34/76,obfsobjdat,cve-2017-11882|ole-embedded|exploit|rtf|executes-dropped-file,2026-05-22T16:45:57Z
15e1c128a633fcad9268a42af5c06b660e30a1e6bd2ca34edcd9aeb5ee328f64,trojan,35/76,dump,calls-wmi|docx|cve-2017-0199|exploit,2026-05-22T16:45:59Z
4d332b6959a0b3a18d73436727147caecde73b2ab5569623e76fd14dd9822dee,trojan,9/75,,doc|calls-wmi|create-ole|run-file|obfuscated|write-file|auto-open|environ|open-file|macros|run-dll|create-file|enum-windows,2026-05-22T16:46:01Z
fe3828a786eed400d199042be1ab0cc3835e41b0bebd7ec2cb020213db931562,trojan,11/75,,calls-wmi|doc,2026-05-22T16:46:03Z
7f10bb6aa6b4e6ae68e3205d1219c1cd2408a35e97f87d7fbb325301740d4457,trojan,11/75,,doc|calls-wmi,2026-05-22T16:46:06Z
92e4ec1fdb025217f5a16feef316a4f668ef43ac790696ec989c7d7feb39a58c,trojan,30/75,dump,docx|exploit|cve-2017-0199|calls-wmi,2026-05-22T16:46:08Z
291b9c0a4c4a9db59eae64be2e8014ce3be0ead8c1861e95ca5e810f0769a297,trojan,11/75,,calls-wmi|doc,2026-05-22T16:46:10Z
af2e3786d93e5a5db51129017619d883e564d4a47c34664fc862c595746d0045,trojan,41/75,obfsobjdat,ole-link|calls-wmi|ole-embedded|exploit|rtf|cve-2017-11882|malware,2026-05-22T16:46:12Z
fa030ca8c5b7de6798fba121d97d4abcb785e32ea4d66113464c77e6a1f01903,trojan,8/75,,doc,2026-05-22T16:46:15Z
1ee1e648de7f782d9690f8ff26580d3779c54d9377395cb0814c85dee28c64d7,trojan,8/75,,calls-wmi|doc,2026-05-22T16:46:17Z
776c14fb074cf6b1a3915b57dfb3c6afac46f5c2a0e783596aafb020e4130cd8,trojan,22/76,sload,cve-2017-0199|docx|exploit,2026-05-22T16:46:19Z
f934b28bb323edd41edecc32c7f9acc2f24614688758a27f92bd40f63deffc7a,trojan,23/76,dotmer,docx|cve-2017-0199|calls-wmi|exploit,2026-05-22T16:46:21Z
373ca2f299acaf012ed9dfbae70579e10f49d881f669ef215e6d611faa78c818,trojan,32/76,obfsobjdat,ole-embedded|cve-2018-0802|cve-2017-11882|exploit|rtf|ole-link,2026-05-22T16:46:24Z
a610e249e3987103ebdb66ecf8198903afca93b1dcaf077fdecf80f371e9842d,trojan,30/76,macros,environ|checks-disk-space|macros|powershell|run-file|auto-close|macro-run-file|auto-open|exe-pattern|doc,2026-05-22T16:46:26Z
8f049b3a100747167eb87fb3a134e446d9057f179b4f334a5a4006369605095a,trojan,33/76,sdrop,open-file|checks-disk-space|create-ole|copy-file|create-file|auto-close|macros|executes-dropped-file|environ|doc|run-file|auto-open,2026-05-22T16:46:28Z
20987f7163c8fe466930ece075cd051273530dfcbe8893600fd21fcfb58b5b08,trojan,41/76,alien,environ|open-file|create-file|run-dll|auto-close|auto-open|create-ole|macro-run-file|doc|obfuscated|exe-pattern|registry|calls-wmi|detect-debug-environment|copy-file|run-file|macros,2026-05-22T16:46:31Z
57253f322504e0a8256d46f31c19e228b8c55a14ee18e759936c71941c8ee4ad,trojan,31/76,alien,auto-close|calls-wmi|registry|doc|exe-pattern|environ|create-file|create-ole|open-file|obfuscated|run-file|macros|detect-debug-environment|run-dll|auto-open|copy-file|macro-run-file,2026-05-22T16:46:33Z
05b423aa13a0c7c54219288431b75815f50650d6c13bc44a7fdd7b38691c40f9,trojan,32/75,usbllb25,download|create-ole|macro-run-file|open-file|run-file|auto-open|create-file|obfuscated|doc|macros|write-file|handle-file|calls-wmi|run-dll|environ|powershell|exe-pattern,2026-05-22T16:46:36Z
1a3f0fa9d62a3de2d9ffe66b20ee4d58e4c5827ba6db01adbe4aa63c410506bd,trojan,31/75,usbllb25,obfuscated|run-file|write-file|handle-file|doc|download|macros|macro-run-file|run-dll|environ|create-file|auto-open|open-file|exe-pattern|create-ole|calls-wmi|powershell,2026-05-22T16:46:38Z
6fd1096080d1b5db1306ebe7a393b290fa19348b23c1c4085250218225e5de00,trojan,33/76,obfsstrm,exploit|cve-2017-11882|ole-embedded|ole-autolink|rtf,2026-05-22T16:46:40Z
af36e2d9339cbc7bdc5e0afec8f0ebefff16d78630359aef6824be0c72ffe41d,trojan,10/76,,doc|calls-wmi,2026-05-22T16:46:42Z
ea229a2fd634198ad3d93dcd0fe536d0daf5420a5f0cbc6e2f58937807d3628f,trojan,8/75,,calls-wmi|macros|doc,2026-05-22T16:46:44Z
bb35bf6fe55f87bbb33eb458830af69534df6c408b6525c59a818d0f33ceecb0,trojan,12/75,,calls-wmi|docx,2026-05-22T16:46:46Z
dc107c30d0dbd8d7279c03f4242ec4e66aa94213365ef60f0e38018bff41f997,trojan,21/75,,doc|exe-pattern|auto-open|url-pattern|run-file|ipv4-pattern|macros|create-ole|handle-file|write-file|download|create-file|open-file,2026-05-22T16:46:49Z
0d0a3eb77bfb50a6ba4b3667b72a94b974a3f65c25b95f25d83d52ef3fd022bc,downloader,39/76,autdwnlrner,handle-file|auto-open|create-ole|url-pattern|docx|ipv4-pattern|write-file|run-file|create-file|macros|open-file|download|exe-pattern,2026-05-22T16:46:51Z
a9900e615f0d0e1f4737ffe25a4346b09e556b7c9d7c6a3a9db7a3d55506d90e,trojan,25/76,adodb,rtf|ole-embedded|calls-wmi|detect-debug-environment|long-sleeps,2026-05-22T16:46:53Z
5a3567690741819288d6215b5ce67d3e3e02a5c79d600aa8c00e2256a5508170,trojan,29/76,gen3,calls-wmi|ole-embedded|long-sleeps|rtf,2026-05-22T16:46:55Z
eccda593bbc09fb143ebd05d1a6116cfb45a61f9e86477d7e33402719bb4c856,trojan,26/76,sload,attachment|docx|exploit|cve-2017-0199|calls-wmi,2026-05-22T16:46:58Z
3aedbd6383755a4bc090e9ed1d2a093381cba46930aeb5b6cd2f55f75dea7ca7,trojan,31/76,generics,docx|exploit|cve-2017-0199|attachment|calls-wmi|cve-2002-1623|cve-2013-2566,2026-05-22T16:47:00Z
a0a9aed8146e0511299e3e05fc29c81e1a8e70cf65a31b3e0fd827e1c7352972,trojan,28/76,w97m,auto-open|doc|detect-debug-environment|calls-wmi|long-sleeps|checks-disk-space|macros,2026-05-22T16:47:02Z
e119c6c5485307075a1e5d0950a77f978f7f17e23c315ed8c38cc1259b8af26f,trojan,32/76,obfsstrm,executes-dropped-file|calls-wmi|malware|exploit|cve-2017-11882|rtf|ole-control|ole-embedded,2026-05-22T16:47:04Z
e293a6f0420ac52ec8a37da75d173cc7c567efa3d18f14e9532cac5adb26c744,trojan,24/76,office,docx|attachment|cve-2017-0199|exploit,2026-05-22T16:47:07Z
f2aa1aad7d28f7cb4894be550a934b9b49e0ed92522ee7203035784a79fcc4c8,trojan,17/75,sload,docx|exploit|cve-2017-0199,2026-05-22T16:47:09Z
07a10fb19bc5e7553901c908e3ea430a566190430d634124e7a7f687b61a6db0,trojan,19/76,office,exploit|docx|cve-2017-0199,2026-05-22T16:47:12Z
e2b5ec33a079a65f25dc69ec049e1fc670f66d13f6426906af06c0f74c251617,trojan,20/76,office,docx|cve-2017-0199|cve-2017-11882|exploit,2026-05-22T16:47:14Z
5cd81df91244270908a29f37272fd11240d797ddfbf9df9a6855936e41af909e,trojan,25/76,office,cve-2017-0199|docx|exploit,2026-05-22T16:47:16Z
f948b2b958ebafca27409c59835ba02cd4406b17549206c143c0d6a7dd7a3552,trojan,30/76,obfsstrm,malware|exploit|executes-dropped-file|cve-2017-11882|html-control|rtf|ole-embedded|cve-2008-3018|cve-2008-3021,2026-05-22T16:47:18Z
9732a6605701c4dad4c69a9f0599def00eec1ceecc043a009e5cc3286eae72ba,trojan,26/76,office,cve-2017-0199|cve-2017-11882|docx|exploit,2026-05-22T16:47:20Z
1e13fbe1bd900f89d5e6a0d6a52bfdf89a45254ad6f08b2ae436119ab93773e1,trojan,25/76,office,cve-2017-0199|exploit|docx,2026-05-22T16:47:22Z
0ccefe97c3e715d984be3c07e8c0002e3b1a6dc2d0955edb8e2290333d8b25ac,trojan,36/75,obfsstrm,ole-embedded|calls-wmi|rtf|checks-cpu-name|cve-2017-11882|exploit|ole-link,2026-05-22T16:47:25Z
900b70b133bc3ac236e8e2317d8187fc620c977de191b7c172ec97f8b25c22a2,trojan,26/76,office,cve-2017-0199|exploit|docx,2026-05-22T16:47:27Z
10f7f836bffa3be58cef065ca2ba6b45071d2be320c074575981094911cec304,trojan,38/75,obfsstrm,ole-embedded|cve-2017-11882|rtf|exploit|calls-wmi|ole-autolink,2026-05-22T16:47:29Z
3076f19e5850a8eedc89526c8612ca996c742db09a9672528d9838f6d41fe3bf,trojan,24/76,office,exploit|cve-2017-0199|docx|attachment,2026-05-22T16:47:32Z
3d0aca3b5df5d4010b8dabb7bed9be184585ca808de394ab6f2bb9719cf77e9e,trojan,29/76,w97m,attachment|calls-wmi|cve-2017-0199|docx,2026-05-22T16:47:34Z
426ddb40d7afa16050e2affd91ecfa03e1d7c369604abeca4842b3177d541568,trojan,32/75,office,detect-debug-environment|docx|calls-wmi|cve-2002-1623|cve-2013-2566|cve-2006-0003|cve-2017-11774|exploit,2026-05-22T16:47:36Z
47cab4ccaa6b9d2f4752d40874afbd567af11c9ddfbe93c6e2d5f9cf2ca6da5c,trojan,26/76,office,docx|calls-wmi|cve-2017-0199|attachment|exploit,2026-05-22T16:47:38Z
5295962bd0bbc14f21a419213e0fe2ba8fea4d40de8f6eb2cf25fa5438b2935a,trojan,29/76,office,exploit|docx|cve-2017-0199|calls-wmi,2026-05-22T16:47:40Z
8848497d036b5bf25cb3256b62672563d90d180e0235d8169d28be60e63f8673,trojan,28/76,office,exploit|cve-2017-0199|docx,2026-05-22T16:47:42Z
