rule_name,author,description,malpedia_family,matching_tlp,sharing_tlp,yarahub_uuid,date
ATM_Associated_Realtek_Audio_Driver2_Watchdog,Aldair Maihuiri,Detects an ATM-associated Windows persistence watchdog masquerading as Realtek Audio Driver2,,TLP:WHITE,TLP:WHITE,3e8bf4c1-cd2b-4ec3-9d44-7f1ca8e874c8,2026-10-06
SmartCard_AllInOne_GlobalPlatform_EMV_Tool,Aldair Maihuiri,Detects the SmartCard AllInOne/X2 local EMV and GlobalPlatform management tool,,TLP:WHITE,TLP:WHITE,c2f28db0-6ffd-4c96-9c31-3c315c392af7,2026-10-06
AgentTesla_Loader_PowerShell_AES,Aldair Maihuiri,PowerShell AES-256-CBC loader that decrypts an embedded payload and executes it in memory via Invoke-Expression,,TLP:WHITE,TLP:WHITE,7c2d9b4a-1e5f-4a8c-b3d7-6f0e9a2c5b81,2026-08-08
XWorm_Dropper_VBScript_AES,Aldair Maihuiri,VBScript (WSH) dropper disguised as a JSON serializer that AES-decrypts and runs an embedded PowerShell script,,TLP:WHITE,TLP:WHITE,3f7a9c2e-8b1d-4e6a-9c3f-2d5b8e1a7f04,2026-08-08
JS_Loader_Downloader_flocmaterials_powershell,Aldair Maihuiri,JScript (WSH) loader that downloads and executes a PowerShell stub,,TLP:WHITE,TLP:WHITE,d5f19c26-93d7-4346-9aaf-03da53c7057e,2026-08-08
Chainscript_NodeJS_RemoteShell_Backdoor,Aldair Maihuiri,Node.js C2 implant that provides an interactive remote shell via node-pty (cmd.exe / powershell.exe with -ExecutionPolicy Bypass),,TLP:WHITE,TLP:WHITE,fff14efa-24d8-42ad-966a-6310f903a991,2026-08-08
Formbook_Dropper_JScript_PowerShell_WMI,Aldair Maihuiri,JScript (WSH) dropper disguised as Source Filmmaker Datamodel that drops and runs a PowerShell Formbook loader via WMI,,TLP:WHITE,TLP:WHITE,809ce8bc-84f3-4aeb-b36d-c0d507a97630,2026-08-08
Spy_Loader_JScript_Registry_Fileless,Aldair Maihuiri,JScript (WSH) fileless loader that runs JavaScript from registry keys disguised as RememberMilk and persists as Chromix,,TLP:WHITE,TLP:WHITE,df16e0a9-7c91-4388-8739-972486f8a288,2026-08-08
PhantomStealer_Dropper_JScript_LuaJIT_Loader,Aldair Maihuiri,JScript (WSH) dropper that drops a LuaJIT interpreter and an obfuscated Lua script to load PhantomStealer shellcode in-memory,,TLP:WHITE,TLP:WHITE,e2ab126a-33c0-482f-9a20-e3c6cf359092,2026-08-08
MassLogger_Dropper_JScript_LuaJIT_Loader,Aldair Maihuiri,JScript (WSH) dropper that drops a LuaJIT interpreter and an obfuscated Lua script to load MassLogger shellcode in-memory,,TLP:WHITE,TLP:WHITE,dcde6992-5ba2-46b1-976d-47305c917738,2026-08-08
ConfigurableLoaderInfostealer_custom_decoder_embedded_dll,Aldair Maihuiri,Detects configurable loader/infostealer through custom decoder alphabet and embedded DLL blob,,TLP:WHITE,TLP:WHITE,22048145-8160-4ece-99db-e7867cd18c0d,2026-10-04
SolarisLoader_concatenated_api_dynamic_resolution,Aldair Maihuiri,Detects SolarisLoader via concatenated API resolution table and hardcoded campaign identifier,,TLP:WHITE,TLP:WHITE,c5d35710-ab0a-4b30-9cc5-afa97365fdbc,2026-08-08
classified,classified,classified,classified,TLP:WHITE,TLP:AMBER,5ce8a611-ebd3-44dc-a630-b54b9bb3cc71,classified
classified,classified,classified,classified,TLP:WHITE,TLP:AMBER,24b42937-50ed-4afc-b43c-3598526bb4f6,classified
classified,classified,classified,classified,TLP:WHITE,TLP:AMBER,4a3373ee-4c69-4fec-a3ee-0c62f7a4b425,classified
classified,classified,classified,classified,TLP:WHITE,TLP:AMBER,63e14b70-b4c5-4a19-ae1b-58249920f3e6,classified
classified,classified,classified,classified,TLP:WHITE,TLP:AMBER,229e2cbc-57d2-420f-a714-40abccf979a8,classified
classified,classified,classified,classified,TLP:WHITE,TLP:AMBER,62bde1eb-c701-45ac-bb33-13723ee7a639,classified
classified,classified,classified,classified,TLP:WHITE,TLP:AMBER,7750699b-aa03-49bb-ace5-6552d6470a0e,classified
classified,classified,classified,classified,TLP:WHITE,TLP:AMBER,a2707f2d-8ba0-429e-8ea9-6e7dc69ea852,classified
